Structure,Average_%,Minimum_%,Maximum_%,Standard_Deviation_%,Initial_%,Final_%,Change_Final_minus_Initial_%
Alpha helix,10.361,7.729,14.589,1.061,14.589,9.179,-5.411
Beta bridge,0.395,0.0,1.256,0.212,0.193,0.676,0.483
Beta sheet,26.547,25.121,28.019,0.513,28.019,26.57,-1.449
3-10 helix,1.919,0.386,3.865,0.599,1.159,2.126,0.966
Pi helix,0.04,0.0,0.966,0.136,0.0,0.483,0.483
Turn,12.637,10.048,15.556,0.984,11.498,13.72,2.222
Bend,12.99,9.565,16.232,1.313,9.565,13.043,3.478
Polyproline II,3.241,1.159,6.28,0.776,1.836,2.415,0.58
Coil,31.871,28.309,34.879,1.066,33.14,31.787,-1.353
