Frame,Time_ps,Alpha helix_count,Alpha helix_percent,Beta bridge_count,Beta bridge_percent,Beta sheet_count,Beta sheet_percent,3-10 helix_count,3-10 helix_percent,Pi helix_count,Pi helix_percent,Turn_count,Turn_percent,Bend_count,Bend_percent,Polyproline II_count,Polyproline II_percent,Coil_count,Coil_percent
0,0,151,14.589371980676328,2,0.1932367149758454,290,28.019323671497588,12,1.1594202898550725,0,0.0,119,11.497584541062803,99,9.565217391304348,19,1.8357487922705313,343,33.14009661835749
1,1,138,13.333333333333334,2,0.1932367149758454,273,26.3768115942029,25,2.4154589371980677,0,0.0,119,11.497584541062803,99,9.565217391304348,36,3.4782608695652173,343,33.14009661835749
2,2,146,14.106280193236714,2,0.1932367149758454,277,26.763285024154587,6,0.5797101449275363,0,0.0,116,11.207729468599034,105,10.144927536231885,30,2.898550724637681,353,34.106280193236714
3,3,135,13.043478260869565,3,0.2898550724637681,275,26.570048309178745,12,1.1594202898550725,0,0.0,119,11.497584541062803,106,10.241545893719808,32,3.0917874396135265,353,34.106280193236714
4,4,135,13.043478260869565,2,0.1932367149758454,276,26.666666666666668,19,1.8357487922705313,0,0.0,117,11.304347826086957,106,10.241545893719808,39,3.768115942028986,341,32.94685990338164
5,5,143,13.816425120772946,1,0.0966183574879227,278,26.859903381642514,14,1.3526570048309179,0,0.0,109,10.531400966183575,109,10.531400966183575,40,3.864734299516908,341,32.94685990338164
6,6,137,13.236714975845409,4,0.3864734299516908,276,26.666666666666668,6,0.5797101449275363,0,0.0,116,11.207729468599034,114,11.014492753623188,44,4.251207729468599,338,32.65700483091788
7,7,132,12.753623188405797,2,0.1932367149758454,277,26.763285024154587,14,1.3526570048309179,0,0.0,122,11.787439613526569,99,9.565217391304348,33,3.1884057971014492,356,34.39613526570049
8,8,125,12.077294685990339,1,0.0966183574879227,281,27.149758454106284,22,2.1256038647342996,0,0.0,119,11.497584541062803,107,10.33816425120773,31,2.995169082125604,349,33.71980676328503
9,9,128,12.367149758454106,5,0.4830917874396135,264,25.507246376811594,8,0.7729468599033816,0,0.0,127,12.270531400966183,110,10.628019323671497,45,4.3478260869565215,348,33.6231884057971
10,10,128,12.367149758454106,5,0.4830917874396135,267,25.79710144927536,26,2.5120772946859904,0,0.0,119,11.497584541062803,107,10.33816425120773,50,4.830917874396135,333,32.17391304347826
11,11,122,11.787439613526569,3,0.2898550724637681,270,26.08695652173913,21,2.0289855072463765,0,0.0,127,12.270531400966183,111,10.72463768115942,33,3.1884057971014492,348,33.6231884057971
12,12,128,12.367149758454106,5,0.4830917874396135,270,26.08695652173913,15,1.4492753623188406,0,0.0,116,11.207729468599034,117,11.304347826086957,32,3.0917874396135265,352,34.009661835748794
13,13,130,12.560386473429952,2,0.1932367149758454,281,27.149758454106284,18,1.7391304347826086,0,0.0,114,11.014492753623188,115,11.11111111111111,34,3.2850241545893724,341,32.94685990338164
14,14,123,11.884057971014492,3,0.2898550724637681,274,26.473429951690818,16,1.5458937198067633,0,0.0,131,12.657004830917876,107,10.33816425120773,36,3.4782608695652173,345,33.33333333333333
15,15,139,13.429951690821257,2,0.1932367149758454,273,26.3768115942029,21,2.0289855072463765,0,0.0,109,10.531400966183575,112,10.821256038647343,28,2.7053140096618358,351,33.91304347826087
16,16,138,13.333333333333334,2,0.1932367149758454,277,26.763285024154587,12,1.1594202898550725,0,0.0,114,11.014492753623188,111,10.72463768115942,38,3.6714975845410627,343,33.14009661835749
17,17,126,12.173913043478262,2,0.1932367149758454,276,26.666666666666668,17,1.6425120772946862,0,0.0,132,12.753623188405797,107,10.33816425120773,47,4.541062801932367,328,31.69082125603865
18,18,125,12.077294685990339,2,0.1932367149758454,276,26.666666666666668,6,0.5797101449275363,0,0.0,142,13.719806763285025,108,10.434782608695652,38,3.6714975845410627,338,32.65700483091788
19,19,126,12.173913043478262,2,0.1932367149758454,280,27.053140096618357,15,1.4492753623188406,0,0.0,129,12.46376811594203,102,9.855072463768117,22,2.1256038647342996,359,34.68599033816425
20,20,117,11.304347826086957,2,0.1932367149758454,278,26.859903381642514,28,2.7053140096618358,0,0.0,127,12.270531400966183,106,10.241545893719808,39,3.768115942028986,338,32.65700483091788
21,21,138,13.333333333333334,2,0.1932367149758454,280,27.053140096618357,21,2.0289855072463765,0,0.0,113,10.917874396135266,113,10.917874396135266,36,3.4782608695652173,332,32.07729468599034
22,22,131,12.657004830917876,2,0.1932367149758454,278,26.859903381642514,15,1.4492753623188406,0,0.0,129,12.46376811594203,107,10.33816425120773,32,3.0917874396135265,341,32.94685990338164
23,23,136,13.14009661835749,2,0.1932367149758454,276,26.666666666666668,14,1.3526570048309179,0,0.0,112,10.821256038647343,118,11.400966183574878,44,4.251207729468599,333,32.17391304347826
24,24,110,10.628019323671497,3,0.2898550724637681,272,26.28019323671498,23,2.2222222222222223,0,0.0,134,12.946859903381641,115,11.11111111111111,33,3.1884057971014492,345,33.33333333333333
25,25,125,12.077294685990339,2,0.1932367149758454,280,27.053140096618357,18,1.7391304347826086,0,0.0,122,11.787439613526569,114,11.014492753623188,20,1.932367149758454,354,34.20289855072463
26,26,121,11.690821256038648,2,0.1932367149758454,276,26.666666666666668,11,1.0628019323671498,0,0.0,137,13.236714975845409,108,10.434782608695652,33,3.1884057971014492,347,33.52657004830918
27,27,120,11.594202898550725,2,0.1932367149758454,277,26.763285024154587,22,2.1256038647342996,0,0.0,128,12.367149758454106,110,10.628019323671497,23,2.2222222222222223,353,34.106280193236714
28,28,123,11.884057971014492,3,0.2898550724637681,276,26.666666666666668,13,1.2560386473429952,0,0.0,134,12.946859903381641,111,10.72463768115942,36,3.4782608695652173,339,32.7536231884058
29,29,118,11.400966183574878,4,0.3864734299516908,274,26.473429951690818,21,2.0289855072463765,0,0.0,131,12.657004830917876,110,10.628019323671497,26,2.5120772946859904,351,33.91304347826087
30,30,107,10.33816425120773,2,0.1932367149758454,278,26.859903381642514,18,1.7391304347826086,0,0.0,143,13.816425120772946,109,10.531400966183575,37,3.5748792270531404,341,32.94685990338164
31,31,117,11.304347826086957,4,0.3864734299516908,272,26.28019323671498,20,1.932367149758454,0,0.0,133,12.85024154589372,114,11.014492753623188,19,1.8357487922705313,356,34.39613526570049
32,32,129,12.46376811594203,2,0.1932367149758454,277,26.763285024154587,10,0.966183574879227,0,0.0,125,12.077294685990339,112,10.821256038647343,39,3.768115942028986,341,32.94685990338164
33,33,125,12.077294685990339,3,0.2898550724637681,277,26.763285024154587,16,1.5458937198067633,0,0.0,127,12.270531400966183,115,11.11111111111111,35,3.3816425120772946,337,32.56038647342995
34,34,131,12.657004830917876,2,0.1932367149758454,275,26.570048309178745,18,1.7391304347826086,0,0.0,113,10.917874396135266,112,10.821256038647343,38,3.6714975845410627,346,33.429951690821255
35,35,121,11.690821256038648,2,0.1932367149758454,283,27.342995169082123,16,1.5458937198067633,0,0.0,134,12.946859903381641,106,10.241545893719808,29,2.8019323671497585,344,33.23671497584541
36,36,129,12.46376811594203,2,0.1932367149758454,283,27.342995169082123,13,1.2560386473429952,0,0.0,125,12.077294685990339,109,10.531400966183575,41,3.961352657004831,333,32.17391304347826
37,37,122,11.787439613526569,6,0.5797101449275363,272,26.28019323671498,24,2.318840579710145,0,0.0,130,12.560386473429952,105,10.144927536231885,40,3.864734299516908,336,32.463768115942024
38,38,119,11.497584541062803,3,0.2898550724637681,279,26.956521739130434,18,1.7391304347826086,0,0.0,122,11.787439613526569,117,11.304347826086957,45,4.3478260869565215,332,32.07729468599034
39,39,114,11.014492753623188,2,0.1932367149758454,275,26.570048309178745,25,2.4154589371980677,0,0.0,127,12.270531400966183,115,11.11111111111111,35,3.3816425120772946,342,33.04347826086956
40,40,133,12.85024154589372,2,0.1932367149758454,277,26.763285024154587,16,1.5458937198067633,0,0.0,115,11.11111111111111,111,10.72463768115942,30,2.898550724637681,351,33.91304347826087
41,41,132,12.753623188405797,2,0.1932367149758454,285,27.536231884057973,21,2.0289855072463765,0,0.0,113,10.917874396135266,116,11.207729468599034,38,3.6714975845410627,328,31.69082125603865
42,42,127,12.270531400966183,3,0.2898550724637681,275,26.570048309178745,20,1.932367149758454,0,0.0,123,11.884057971014492,115,11.11111111111111,30,2.898550724637681,342,33.04347826086956
43,43,120,11.594202898550725,3,0.2898550724637681,279,26.956521739130434,13,1.2560386473429952,0,0.0,142,13.719806763285025,102,9.855072463768117,30,2.898550724637681,346,33.429951690821255
44,44,112,10.821256038647343,3,0.2898550724637681,270,26.08695652173913,30,2.898550724637681,0,0.0,127,12.270531400966183,116,11.207729468599034,32,3.0917874396135265,345,33.33333333333333
45,45,123,11.884057971014492,4,0.3864734299516908,282,27.246376811594203,22,2.1256038647342996,0,0.0,114,11.014492753623188,125,12.077294685990339,30,2.898550724637681,335,32.367149758454104
46,46,106,10.241545893719808,1,0.0966183574879227,285,27.536231884057973,21,2.0289855072463765,0,0.0,142,13.719806763285025,118,11.400966183574878,38,3.6714975845410627,324,31.30434782608696
47,47,111,10.72463768115942,2,0.1932367149758454,282,27.246376811594203,32,3.0917874396135265,0,0.0,124,11.980676328502415,115,11.11111111111111,44,4.251207729468599,325,31.40096618357488
48,48,126,12.173913043478262,2,0.1932367149758454,283,27.342995169082123,12,1.1594202898550725,0,0.0,122,11.787439613526569,124,11.980676328502415,39,3.768115942028986,327,31.594202898550726
49,49,114,11.014492753623188,3,0.2898550724637681,279,26.956521739130434,31,2.995169082125604,0,0.0,122,11.787439613526569,117,11.304347826086957,31,2.995169082125604,338,32.65700483091788
50,50,112,10.821256038647343,2,0.1932367149758454,281,27.149758454106284,24,2.318840579710145,0,0.0,129,12.46376811594203,119,11.497584541062803,42,4.057971014492753,326,31.4975845410628
51,51,105,10.144927536231885,2,0.1932367149758454,281,27.149758454106284,24,2.318840579710145,0,0.0,141,13.623188405797102,113,10.917874396135266,37,3.5748792270531404,332,32.07729468599034
52,52,118,11.400966183574878,2,0.1932367149758454,276,26.666666666666668,23,2.2222222222222223,0,0.0,120,11.594202898550725,125,12.077294685990339,34,3.2850241545893724,337,32.56038647342995
53,53,125,12.077294685990339,3,0.2898550724637681,278,26.859903381642514,13,1.2560386473429952,0,0.0,135,13.043478260869565,113,10.917874396135266,33,3.1884057971014492,335,32.367149758454104
54,54,118,11.400966183574878,2,0.1932367149758454,283,27.342995169082123,30,2.898550724637681,0,0.0,119,11.497584541062803,117,11.304347826086957,37,3.5748792270531404,329,31.78743961352657
55,55,120,11.594202898550725,4,0.3864734299516908,276,26.666666666666668,13,1.2560386473429952,0,0.0,126,12.173913043478262,123,11.884057971014492,30,2.898550724637681,343,33.14009661835749
56,56,123,11.884057971014492,3,0.2898550724637681,277,26.763285024154587,19,1.8357487922705313,0,0.0,134,12.946859903381641,111,10.72463768115942,25,2.4154589371980677,343,33.14009661835749
57,57,118,11.400966183574878,5,0.4830917874396135,270,26.08695652173913,4,0.3864734299516908,0,0.0,151,14.589371980676328,115,11.11111111111111,32,3.0917874396135265,340,32.850241545893724
58,58,116,11.207729468599034,2,0.1932367149758454,285,27.536231884057973,28,2.7053140096618358,0,0.0,122,11.787439613526569,112,10.821256038647343,43,4.154589371980676,327,31.594202898550726
59,59,119,11.497584541062803,3,0.2898550724637681,277,26.763285024154587,24,2.318840579710145,0,0.0,122,11.787439613526569,121,11.690821256038648,21,2.0289855072463765,348,33.6231884057971
60,60,124,11.980676328502415,2,0.1932367149758454,279,26.956521739130434,23,2.2222222222222223,0,0.0,123,11.884057971014492,109,10.531400966183575,28,2.7053140096618358,347,33.52657004830918
61,61,117,11.304347826086957,2,0.1932367149758454,278,26.859903381642514,23,2.2222222222222223,0,0.0,139,13.429951690821257,109,10.531400966183575,35,3.3816425120772946,332,32.07729468599034
62,62,113,10.917874396135266,2,0.1932367149758454,282,27.246376811594203,25,2.4154589371980677,0,0.0,129,12.46376811594203,117,11.304347826086957,31,2.995169082125604,336,32.463768115942024
63,63,105,10.144927536231885,3,0.2898550724637681,281,27.149758454106284,34,3.2850241545893724,0,0.0,127,12.270531400966183,113,10.917874396135266,44,4.251207729468599,328,31.69082125603865
64,64,104,10.048309178743962,2,0.1932367149758454,278,26.859903381642514,22,2.1256038647342996,0,0.0,136,13.14009661835749,118,11.400966183574878,38,3.6714975845410627,337,32.56038647342995
65,65,107,10.33816425120773,4,0.3864734299516908,275,26.570048309178745,33,3.1884057971014492,0,0.0,115,11.11111111111111,125,12.077294685990339,37,3.5748792270531404,339,32.7536231884058
66,66,120,11.594202898550725,4,0.3864734299516908,280,27.053140096618357,25,2.4154589371980677,0,0.0,120,11.594202898550725,116,11.207729468599034,24,2.318840579710145,346,33.429951690821255
67,67,105,10.144927536231885,2,0.1932367149758454,282,27.246376811594203,27,2.608695652173913,0,0.0,132,12.753623188405797,115,11.11111111111111,45,4.3478260869565215,327,31.594202898550726
68,68,105,10.144927536231885,3,0.2898550724637681,280,27.053140096618357,33,3.1884057971014492,0,0.0,116,11.207729468599034,133,12.85024154589372,34,3.2850241545893724,331,31.980676328502415
69,69,119,11.497584541062803,2,0.1932367149758454,280,27.053140096618357,9,0.8695652173913043,0,0.0,127,12.270531400966183,128,12.367149758454106,32,3.0917874396135265,338,32.65700483091788
70,70,122,11.787439613526569,1,0.0966183574879227,279,26.956521739130434,15,1.4492753623188406,0,0.0,126,12.173913043478262,122,11.787439613526569,46,4.444444444444445,324,31.30434782608696
71,71,98,9.468599033816426,1,0.0966183574879227,288,27.82608695652174,20,1.932367149758454,0,0.0,132,12.753623188405797,127,12.270531400966183,65,6.280193236714976,304,29.3719806763285
72,72,115,11.11111111111111,2,0.1932367149758454,283,27.342995169082123,14,1.3526570048309179,0,0.0,132,12.753623188405797,122,11.787439613526569,36,3.4782608695652173,331,31.980676328502415
73,73,111,10.72463768115942,3,0.2898550724637681,279,26.956521739130434,18,1.7391304347826086,0,0.0,122,11.787439613526569,128,12.367149758454106,38,3.6714975845410627,336,32.463768115942024
74,74,122,11.787439613526569,2,0.1932367149758454,285,27.536231884057973,12,1.1594202898550725,0,0.0,135,13.043478260869565,113,10.917874396135266,28,2.7053140096618358,338,32.65700483091788
75,75,109,10.531400966183575,2,0.1932367149758454,281,27.149758454106284,15,1.4492753623188406,0,0.0,130,12.560386473429952,123,11.884057971014492,40,3.864734299516908,335,32.367149758454104
76,76,113,10.917874396135266,1,0.0966183574879227,288,27.82608695652174,18,1.7391304347826086,0,0.0,131,12.657004830917876,118,11.400966183574878,31,2.995169082125604,335,32.367149758454104
77,77,98,9.468599033816426,2,0.1932367149758454,283,27.342995169082123,36,3.4782608695652173,0,0.0,128,12.367149758454106,114,11.014492753623188,44,4.251207729468599,330,31.88405797101449
78,78,124,11.980676328502415,3,0.2898550724637681,280,27.053140096618357,16,1.5458937198067633,0,0.0,117,11.304347826086957,130,12.560386473429952,38,3.6714975845410627,327,31.594202898550726
79,79,113,10.917874396135266,3,0.2898550724637681,286,27.632850241545892,19,1.8357487922705313,0,0.0,129,12.46376811594203,118,11.400966183574878,40,3.864734299516908,327,31.594202898550726
80,80,115,11.11111111111111,4,0.3864734299516908,284,27.43961352657005,19,1.8357487922705313,0,0.0,130,12.560386473429952,119,11.497584541062803,36,3.4782608695652173,328,31.69082125603865
81,81,101,9.758454106280192,4,0.3864734299516908,286,27.632850241545892,22,2.1256038647342996,0,0.0,131,12.657004830917876,128,12.367149758454106,47,4.541062801932367,316,30.531400966183575
82,82,105,10.144927536231885,3,0.2898550724637681,286,27.632850241545892,24,2.318840579710145,0,0.0,126,12.173913043478262,125,12.077294685990339,33,3.1884057971014492,333,32.17391304347826
83,83,109,10.531400966183575,2,0.1932367149758454,279,26.956521739130434,27,2.608695652173913,0,0.0,124,11.980676328502415,124,11.980676328502415,34,3.2850241545893724,336,32.463768115942024
84,84,89,8.599033816425122,2,0.1932367149758454,284,27.43961352657005,21,2.0289855072463765,5,0.4830917874396135,145,14.009661835748794,122,11.787439613526569,27,2.608695652173913,340,32.850241545893724
85,85,107,10.33816425120773,3,0.2898550724637681,279,26.956521739130434,32,3.0917874396135265,0,0.0,125,12.077294685990339,125,12.077294685990339,32,3.0917874396135265,332,32.07729468599034
86,86,109,10.531400966183575,3,0.2898550724637681,273,26.3768115942029,26,2.5120772946859904,0,0.0,127,12.270531400966183,136,13.14009661835749,21,2.0289855072463765,340,32.850241545893724
87,87,96,9.27536231884058,2,0.1932367149758454,277,26.763285024154587,30,2.898550724637681,0,0.0,139,13.429951690821257,124,11.980676328502415,30,2.898550724637681,337,32.56038647342995
88,88,110,10.628019323671497,1,0.0966183574879227,287,27.72946859903382,31,2.995169082125604,5,0.4830917874396135,110,10.628019323671497,134,12.946859903381641,15,1.4492753623188406,342,33.04347826086956
89,89,109,10.531400966183575,5,0.4830917874396135,265,25.60386473429952,28,2.7053140096618358,0,0.0,131,12.657004830917876,125,12.077294685990339,43,4.154589371980676,329,31.78743961352657
90,90,108,10.434782608695652,2,0.1932367149758454,272,26.28019323671498,21,2.0289855072463765,0,0.0,143,13.816425120772946,112,10.821256038647343,31,2.995169082125604,346,33.429951690821255
91,91,111,10.72463768115942,1,0.0966183574879227,286,27.632850241545892,20,1.932367149758454,0,0.0,138,13.333333333333334,123,11.884057971014492,29,2.8019323671497585,327,31.594202898550726
92,92,116,11.207729468599034,3,0.2898550724637681,282,27.246376811594203,24,2.318840579710145,0,0.0,116,11.207729468599034,137,13.236714975845409,48,4.63768115942029,309,29.855072463768117
93,93,102,9.855072463768117,2,0.1932367149758454,268,25.893719806763283,37,3.5748792270531404,5,0.4830917874396135,119,11.497584541062803,128,12.367149758454106,34,3.2850241545893724,340,32.850241545893724
94,94,114,11.014492753623188,2,0.1932367149758454,288,27.82608695652174,21,2.0289855072463765,0,0.0,127,12.270531400966183,125,12.077294685990339,34,3.2850241545893724,324,31.30434782608696
95,95,109,10.531400966183575,2,0.1932367149758454,284,27.43961352657005,21,2.0289855072463765,0,0.0,138,13.333333333333334,123,11.884057971014492,39,3.768115942028986,319,30.821256038647345
96,96,102,9.855072463768117,1,0.0966183574879227,284,27.43961352657005,22,2.1256038647342996,0,0.0,143,13.816425120772946,122,11.787439613526569,12,1.1594202898550725,349,33.71980676328503
97,97,94,9.082125603864734,2,0.1932367149758454,278,26.859903381642514,40,3.864734299516908,0,0.0,125,12.077294685990339,128,12.367149758454106,39,3.768115942028986,329,31.78743961352657
98,98,107,10.33816425120773,3,0.2898550724637681,280,27.053140096618357,23,2.2222222222222223,0,0.0,140,13.526570048309178,118,11.400966183574878,36,3.4782608695652173,328,31.69082125603865
99,99,107,10.33816425120773,2,0.1932367149758454,273,26.3768115942029,25,2.4154589371980677,10,0.966183574879227,118,11.400966183574878,128,12.367149758454106,29,2.8019323671497585,343,33.14009661835749
100,100,106,10.241545893719808,2,0.1932367149758454,281,27.149758454106284,28,2.7053140096618358,0,0.0,127,12.270531400966183,129,12.46376811594203,35,3.3816425120772946,327,31.594202898550726
101,101,105,10.144927536231885,2,0.1932367149758454,287,27.72946859903382,22,2.1256038647342996,0,0.0,137,13.236714975845409,118,11.400966183574878,31,2.995169082125604,333,32.17391304347826
102,102,107,10.33816425120773,2,0.1932367149758454,278,26.859903381642514,16,1.5458937198067633,5,0.4830917874396135,129,12.46376811594203,127,12.270531400966183,41,3.961352657004831,330,31.88405797101449
103,103,120,11.594202898550725,2,0.1932367149758454,277,26.763285024154587,18,1.7391304347826086,0,0.0,119,11.497584541062803,128,12.367149758454106,58,5.603864734299517,313,30.241545893719806
104,104,121,11.690821256038648,2,0.1932367149758454,277,26.763285024154587,18,1.7391304347826086,0,0.0,123,11.884057971014492,122,11.787439613526569,49,4.734299516908213,323,31.207729468599034
105,105,113,10.917874396135266,3,0.2898550724637681,277,26.763285024154587,17,1.6425120772946862,5,0.4830917874396135,122,11.787439613526569,125,12.077294685990339,36,3.4782608695652173,337,32.56038647342995
106,106,109,10.531400966183575,0,0.0,281,27.149758454106284,35,3.3816425120772946,0,0.0,114,11.014492753623188,120,11.594202898550725,36,3.4782608695652173,340,32.850241545893724
107,107,116,11.207729468599034,3,0.2898550724637681,274,26.473429951690818,23,2.2222222222222223,0,0.0,123,11.884057971014492,124,11.980676328502415,29,2.8019323671497585,343,33.14009661835749
108,108,110,10.628019323671497,2,0.1932367149758454,281,27.149758454106284,21,2.0289855072463765,0,0.0,132,12.753623188405797,131,12.657004830917876,20,1.932367149758454,338,32.65700483091788
109,109,101,9.758454106280192,2,0.1932367149758454,274,26.473429951690818,19,1.8357487922705313,5,0.4830917874396135,134,12.946859903381641,122,11.787439613526569,34,3.2850241545893724,344,33.23671497584541
110,110,104,10.048309178743962,2,0.1932367149758454,283,27.342995169082123,36,3.4782608695652173,0,0.0,122,11.787439613526569,115,11.11111111111111,35,3.3816425120772946,338,32.65700483091788
111,111,107,10.33816425120773,5,0.4830917874396135,282,27.246376811594203,27,2.608695652173913,0,0.0,130,12.560386473429952,111,10.72463768115942,36,3.4782608695652173,337,32.56038647342995
112,112,108,10.434782608695652,2,0.1932367149758454,284,27.43961352657005,22,2.1256038647342996,0,0.0,125,12.077294685990339,125,12.077294685990339,29,2.8019323671497585,340,32.850241545893724
113,113,100,9.66183574879227,4,0.3864734299516908,279,26.956521739130434,17,1.6425120772946862,5,0.4830917874396135,133,12.85024154589372,123,11.884057971014492,32,3.0917874396135265,342,33.04347826086956
114,114,119,11.497584541062803,4,0.3864734299516908,276,26.666666666666668,15,1.4492753623188406,5,0.4830917874396135,109,10.531400966183575,138,13.333333333333334,48,4.63768115942029,321,31.01449275362319
115,115,100,9.66183574879227,2,0.1932367149758454,280,27.053140096618357,29,2.8019323671497585,5,0.4830917874396135,128,12.367149758454106,122,11.787439613526569,42,4.057971014492753,327,31.594202898550726
116,116,121,11.690821256038648,2,0.1932367149758454,281,27.149758454106284,18,1.7391304347826086,0,0.0,121,11.690821256038648,121,11.690821256038648,32,3.0917874396135265,339,32.7536231884058
117,117,107,10.33816425120773,2,0.1932367149758454,282,27.246376811594203,18,1.7391304347826086,0,0.0,140,13.526570048309178,124,11.980676328502415,42,4.057971014492753,320,30.917874396135264
118,118,104,10.048309178743962,3,0.2898550724637681,276,26.666666666666668,28,2.7053140096618358,5,0.4830917874396135,121,11.690821256038648,127,12.270531400966183,46,4.444444444444445,325,31.40096618357488
119,119,104,10.048309178743962,2,0.1932367149758454,275,26.570048309178745,15,1.4492753623188406,0,0.0,136,13.14009661835749,137,13.236714975845409,27,2.608695652173913,339,32.7536231884058
120,120,108,10.434782608695652,2,0.1932367149758454,276,26.666666666666668,15,1.4492753623188406,5,0.4830917874396135,134,12.946859903381641,123,11.884057971014492,43,4.154589371980676,329,31.78743961352657
121,121,108,10.434782608695652,5,0.4830917874396135,272,26.28019323671498,14,1.3526570048309179,5,0.4830917874396135,130,12.560386473429952,129,12.46376811594203,30,2.898550724637681,342,33.04347826086956
122,122,94,9.082125603864734,2,0.1932367149758454,273,26.3768115942029,29,2.8019323671497585,0,0.0,136,13.14009661835749,129,12.46376811594203,37,3.5748792270531404,335,32.367149758454104
123,123,104,10.048309178743962,3,0.2898550724637681,274,26.473429951690818,15,1.4492753623188406,0,0.0,135,13.043478260869565,136,13.14009661835749,31,2.995169082125604,337,32.56038647342995
124,124,100,9.66183574879227,2,0.1932367149758454,277,26.763285024154587,18,1.7391304347826086,0,0.0,139,13.429951690821257,130,12.560386473429952,17,1.6425120772946862,352,34.009661835748794
125,125,102,9.855072463768117,3,0.2898550724637681,280,27.053140096618357,9,0.8695652173913043,0,0.0,153,14.782608695652174,130,12.560386473429952,38,3.6714975845410627,320,30.917874396135264
126,126,100,9.66183574879227,2,0.1932367149758454,278,26.859903381642514,19,1.8357487922705313,0,0.0,138,13.333333333333334,134,12.946859903381641,34,3.2850241545893724,330,31.88405797101449
127,127,102,9.855072463768117,2,0.1932367149758454,277,26.763285024154587,19,1.8357487922705313,0,0.0,142,13.719806763285025,134,12.946859903381641,30,2.898550724637681,329,31.78743961352657
128,128,101,9.758454106280192,2,0.1932367149758454,276,26.666666666666668,30,2.898550724637681,0,0.0,138,13.333333333333334,127,12.270531400966183,35,3.3816425120772946,326,31.4975845410628
129,129,117,11.304347826086957,2,0.1932367149758454,281,27.149758454106284,12,1.1594202898550725,0,0.0,133,12.85024154589372,127,12.270531400966183,32,3.0917874396135265,331,31.980676328502415
130,130,102,9.855072463768117,3,0.2898550724637681,280,27.053140096618357,25,2.4154589371980677,0,0.0,129,12.46376811594203,140,13.526570048309178,45,4.3478260869565215,311,30.04830917874396
131,131,99,9.565217391304348,2,0.1932367149758454,271,26.183574879227052,31,2.995169082125604,0,0.0,124,11.980676328502415,130,12.560386473429952,38,3.6714975845410627,340,32.850241545893724
132,132,102,9.855072463768117,3,0.2898550724637681,271,26.183574879227052,23,2.2222222222222223,5,0.4830917874396135,134,12.946859903381641,123,11.884057971014492,47,4.541062801932367,327,31.594202898550726
133,133,106,10.241545893719808,2,0.1932367149758454,271,26.183574879227052,31,2.995169082125604,0,0.0,116,11.207729468599034,132,12.753623188405797,40,3.864734299516908,337,32.56038647342995
134,134,94,9.082125603864734,3,0.2898550724637681,273,26.3768115942029,17,1.6425120772946862,0,0.0,148,14.299516908212562,128,12.367149758454106,29,2.8019323671497585,343,33.14009661835749
135,135,109,10.531400966183575,2,0.1932367149758454,276,26.666666666666668,15,1.4492753623188406,0,0.0,138,13.333333333333334,122,11.787439613526569,36,3.4782608695652173,337,32.56038647342995
136,136,118,11.400966183574878,1,0.0966183574879227,283,27.342995169082123,21,2.0289855072463765,0,0.0,125,12.077294685990339,128,12.367149758454106,36,3.4782608695652173,323,31.207729468599034
137,137,99,9.565217391304348,2,0.1932367149758454,282,27.246376811594203,29,2.8019323671497585,0,0.0,136,13.14009661835749,129,12.46376811594203,33,3.1884057971014492,325,31.40096618357488
138,138,101,9.758454106280192,2,0.1932367149758454,283,27.342995169082123,20,1.932367149758454,0,0.0,134,12.946859903381641,132,12.753623188405797,44,4.251207729468599,319,30.821256038647345
139,139,106,10.241545893719808,3,0.2898550724637681,276,26.666666666666668,19,1.8357487922705313,0,0.0,134,12.946859903381641,130,12.560386473429952,35,3.3816425120772946,332,32.07729468599034
140,140,101,9.758454106280192,2,0.1932367149758454,282,27.246376811594203,24,2.318840579710145,0,0.0,141,13.623188405797102,124,11.980676328502415,36,3.4782608695652173,325,31.40096618357488
141,141,100,9.66183574879227,3,0.2898550724637681,277,26.763285024154587,32,3.0917874396135265,0,0.0,125,12.077294685990339,134,12.946859903381641,45,4.3478260869565215,319,30.821256038647345
142,142,107,10.33816425120773,2,0.1932367149758454,280,27.053140096618357,22,2.1256038647342996,0,0.0,126,12.173913043478262,133,12.85024154589372,30,2.898550724637681,335,32.367149758454104
143,143,124,11.980676328502415,2,0.1932367149758454,280,27.053140096618357,12,1.1594202898550725,0,0.0,129,12.46376811594203,120,11.594202898550725,34,3.2850241545893724,334,32.270531400966185
144,144,115,11.11111111111111,2,0.1932367149758454,277,26.763285024154587,15,1.4492753623188406,0,0.0,129,12.46376811594203,126,12.173913043478262,44,4.251207729468599,327,31.594202898550726
145,145,105,10.144927536231885,4,0.3864734299516908,280,27.053140096618357,20,1.932367149758454,0,0.0,133,12.85024154589372,126,12.173913043478262,35,3.3816425120772946,332,32.07729468599034
146,146,123,11.884057971014492,3,0.2898550724637681,277,26.763285024154587,6,0.5797101449275363,0,0.0,121,11.690821256038648,136,13.14009661835749,41,3.961352657004831,328,31.69082125603865
147,147,94,9.082125603864734,2,0.1932367149758454,282,27.246376811594203,23,2.2222222222222223,0,0.0,149,14.396135265700483,129,12.46376811594203,26,2.5120772946859904,330,31.88405797101449
148,148,105,10.144927536231885,3,0.2898550724637681,282,27.246376811594203,25,2.4154589371980677,5,0.4830917874396135,125,12.077294685990339,125,12.077294685990339,31,2.995169082125604,334,32.270531400966185
149,149,101,9.758454106280192,4,0.3864734299516908,275,26.570048309178745,24,2.318840579710145,0,0.0,131,12.657004830917876,136,13.14009661835749,32,3.0917874396135265,332,32.07729468599034
150,150,111,10.72463768115942,2,0.1932367149758454,272,26.28019323671498,24,2.318840579710145,0,0.0,117,11.304347826086957,134,12.946859903381641,14,1.3526570048309179,361,34.87922705314009
151,151,109,10.531400966183575,2,0.1932367149758454,275,26.570048309178745,13,1.2560386473429952,5,0.4830917874396135,144,13.91304347826087,119,11.497584541062803,35,3.3816425120772946,333,32.17391304347826
152,152,121,11.690821256038648,4,0.3864734299516908,270,26.08695652173913,7,0.6763285024154589,0,0.0,135,13.043478260869565,122,11.787439613526569,23,2.2222222222222223,353,34.106280193236714
153,153,111,10.72463768115942,4,0.3864734299516908,274,26.473429951690818,21,2.0289855072463765,0,0.0,125,12.077294685990339,131,12.657004830917876,33,3.1884057971014492,336,32.463768115942024
154,154,107,10.33816425120773,2,0.1932367149758454,279,26.956521739130434,15,1.4492753623188406,0,0.0,129,12.46376811594203,135,13.043478260869565,23,2.2222222222222223,345,33.33333333333333
155,155,106,10.241545893719808,3,0.2898550724637681,279,26.956521739130434,27,2.608695652173913,0,0.0,130,12.560386473429952,126,12.173913043478262,41,3.961352657004831,323,31.207729468599034
156,156,103,9.951690821256038,1,0.0966183574879227,281,27.149758454106284,22,2.1256038647342996,0,0.0,131,12.657004830917876,131,12.657004830917876,40,3.864734299516908,326,31.4975845410628
157,157,106,10.241545893719808,2,0.1932367149758454,276,26.666666666666668,17,1.6425120772946862,0,0.0,137,13.236714975845409,130,12.560386473429952,39,3.768115942028986,328,31.69082125603865
158,158,94,9.082125603864734,7,0.6763285024154589,267,25.79710144927536,19,1.8357487922705313,0,0.0,142,13.719806763285025,142,13.719806763285025,24,2.318840579710145,340,32.850241545893724
159,159,108,10.434782608695652,3,0.2898550724637681,277,26.763285024154587,17,1.6425120772946862,0,0.0,132,12.753623188405797,135,13.043478260869565,31,2.995169082125604,332,32.07729468599034
160,160,96,9.27536231884058,4,0.3864734299516908,281,27.149758454106284,30,2.898550724637681,0,0.0,127,12.270531400966183,136,13.14009661835749,23,2.2222222222222223,338,32.65700483091788
161,161,96,9.27536231884058,2,0.1932367149758454,276,26.666666666666668,24,2.318840579710145,0,0.0,136,13.14009661835749,130,12.560386473429952,39,3.768115942028986,332,32.07729468599034
162,162,107,10.33816425120773,2,0.1932367149758454,280,27.053140096618357,21,2.0289855072463765,0,0.0,128,12.367149758454106,134,12.946859903381641,29,2.8019323671497585,334,32.270531400966185
163,163,108,10.434782608695652,3,0.2898550724637681,279,26.956521739130434,31,2.995169082125604,0,0.0,118,11.400966183574878,130,12.560386473429952,36,3.4782608695652173,330,31.88405797101449
164,164,115,11.11111111111111,3,0.2898550724637681,279,26.956521739130434,26,2.5120772946859904,5,0.4830917874396135,116,11.207729468599034,135,13.043478260869565,26,2.5120772946859904,330,31.88405797101449
165,165,99,9.565217391304348,3,0.2898550724637681,276,26.666666666666668,29,2.8019323671497585,0,0.0,125,12.077294685990339,134,12.946859903381641,36,3.4782608695652173,333,32.17391304347826
166,166,115,11.11111111111111,4,0.3864734299516908,274,26.473429951690818,25,2.4154589371980677,0,0.0,118,11.400966183574878,132,12.753623188405797,32,3.0917874396135265,335,32.367149758454104
167,167,123,11.884057971014492,4,0.3864734299516908,269,25.99033816425121,12,1.1594202898550725,0,0.0,127,12.270531400966183,130,12.560386473429952,23,2.2222222222222223,347,33.52657004830918
168,168,113,10.917874396135266,2,0.1932367149758454,277,26.763285024154587,17,1.6425120772946862,0,0.0,133,12.85024154589372,132,12.753623188405797,27,2.608695652173913,334,32.270531400966185
169,169,115,11.11111111111111,2,0.1932367149758454,278,26.859903381642514,21,2.0289855072463765,0,0.0,122,11.787439613526569,140,13.526570048309178,18,1.7391304347826086,339,32.7536231884058
170,170,115,11.11111111111111,2,0.1932367149758454,282,27.246376811594203,19,1.8357487922705313,0,0.0,123,11.884057971014492,139,13.429951690821257,41,3.961352657004831,314,30.33816425120773
171,171,118,11.400966183574878,7,0.6763285024154589,269,25.99033816425121,12,1.1594202898550725,5,0.4830917874396135,128,12.367149758454106,133,12.85024154589372,25,2.4154589371980677,338,32.65700483091788
172,172,117,11.304347826086957,3,0.2898550724637681,279,26.956521739130434,18,1.7391304347826086,0,0.0,128,12.367149758454106,126,12.173913043478262,31,2.995169082125604,333,32.17391304347826
173,173,122,11.787439613526569,2,0.1932367149758454,269,25.99033816425121,21,2.0289855072463765,0,0.0,127,12.270531400966183,125,12.077294685990339,32,3.0917874396135265,337,32.56038647342995
174,174,107,10.33816425120773,4,0.3864734299516908,280,27.053140096618357,36,3.4782608695652173,0,0.0,126,12.173913043478262,125,12.077294685990339,26,2.5120772946859904,331,31.980676328502415
175,175,100,9.66183574879227,4,0.3864734299516908,268,25.893719806763283,27,2.608695652173913,0,0.0,143,13.816425120772946,127,12.270531400966183,27,2.608695652173913,339,32.7536231884058
176,176,108,10.434782608695652,4,0.3864734299516908,269,25.99033816425121,21,2.0289855072463765,5,0.4830917874396135,123,11.884057971014492,132,12.753623188405797,42,4.057971014492753,331,31.980676328502415
177,177,115,11.11111111111111,2,0.1932367149758454,278,26.859903381642514,28,2.7053140096618358,0,0.0,118,11.400966183574878,129,12.46376811594203,24,2.318840579710145,341,32.94685990338164
178,178,97,9.371980676328501,4,0.3864734299516908,273,26.3768115942029,27,2.608695652173913,0,0.0,137,13.236714975845409,127,12.270531400966183,32,3.0917874396135265,338,32.65700483091788
179,179,104,10.048309178743962,2,0.1932367149758454,277,26.763285024154587,26,2.5120772946859904,0,0.0,131,12.657004830917876,132,12.753623188405797,23,2.2222222222222223,340,32.850241545893724
180,180,120,11.594202898550725,5,0.4830917874396135,277,26.763285024154587,7,0.6763285024154589,0,0.0,140,13.526570048309178,120,11.594202898550725,31,2.995169082125604,335,32.367149758454104
181,181,123,11.884057971014492,2,0.1932367149758454,277,26.763285024154587,22,2.1256038647342996,0,0.0,117,11.304347826086957,132,12.753623188405797,43,4.154589371980676,319,30.821256038647345
182,182,121,11.690821256038648,1,0.0966183574879227,275,26.570048309178745,19,1.8357487922705313,0,0.0,116,11.207729468599034,133,12.85024154589372,40,3.864734299516908,330,31.88405797101449
183,183,111,10.72463768115942,6,0.5797101449275363,272,26.28019323671498,26,2.5120772946859904,0,0.0,127,12.270531400966183,121,11.690821256038648,37,3.5748792270531404,335,32.367149758454104
184,184,103,9.951690821256038,3,0.2898550724637681,279,26.956521739130434,21,2.0289855072463765,0,0.0,135,13.043478260869565,128,12.367149758454106,45,4.3478260869565215,321,31.01449275362319
185,185,116,11.207729468599034,6,0.5797101449275363,279,26.956521739130434,26,2.5120772946859904,0,0.0,125,12.077294685990339,123,11.884057971014492,40,3.864734299516908,320,30.917874396135264
186,186,112,10.821256038647343,4,0.3864734299516908,275,26.570048309178745,24,2.318840579710145,0,0.0,123,11.884057971014492,123,11.884057971014492,48,4.63768115942029,326,31.4975845410628
187,187,113,10.917874396135266,2,0.1932367149758454,282,27.246376811594203,14,1.3526570048309179,0,0.0,137,13.236714975845409,125,12.077294685990339,34,3.2850241545893724,328,31.69082125603865
188,188,119,11.497584541062803,6,0.5797101449275363,273,26.3768115942029,13,1.2560386473429952,0,0.0,136,13.14009661835749,121,11.690821256038648,33,3.1884057971014492,334,32.270531400966185
189,189,95,9.178743961352657,3,0.2898550724637681,278,26.859903381642514,35,3.3816425120772946,0,0.0,131,12.657004830917876,130,12.560386473429952,29,2.8019323671497585,334,32.270531400966185
190,190,116,11.207729468599034,2,0.1932367149758454,275,26.570048309178745,17,1.6425120772946862,0,0.0,124,11.980676328502415,135,13.043478260869565,36,3.4782608695652173,330,31.88405797101449
191,191,98,9.468599033816426,4,0.3864734299516908,275,26.570048309178745,20,1.932367149758454,0,0.0,135,13.043478260869565,131,12.657004830917876,19,1.8357487922705313,353,34.106280193236714
192,192,113,10.917874396135266,2,0.1932367149758454,277,26.763285024154587,19,1.8357487922705313,0,0.0,132,12.753623188405797,123,11.884057971014492,19,1.8357487922705313,350,33.81642512077295
193,193,118,11.400966183574878,3,0.2898550724637681,276,26.666666666666668,13,1.2560386473429952,0,0.0,126,12.173913043478262,133,12.85024154589372,27,2.608695652173913,339,32.7536231884058
194,194,121,11.690821256038648,4,0.3864734299516908,269,25.99033816425121,14,1.3526570048309179,0,0.0,118,11.400966183574878,132,12.753623188405797,46,4.444444444444445,331,31.980676328502415
195,195,98,9.468599033816426,2,0.1932367149758454,273,26.3768115942029,23,2.2222222222222223,5,0.4830917874396135,135,13.043478260869565,119,11.497584541062803,37,3.5748792270531404,343,33.14009661835749
196,196,113,10.917874396135266,3,0.2898550724637681,273,26.3768115942029,19,1.8357487922705313,0,0.0,137,13.236714975845409,122,11.787439613526569,31,2.995169082125604,337,32.56038647342995
197,197,120,11.594202898550725,2,0.1932367149758454,280,27.053140096618357,17,1.6425120772946862,0,0.0,122,11.787439613526569,124,11.980676328502415,42,4.057971014492753,328,31.69082125603865
198,198,109,10.531400966183575,2,0.1932367149758454,273,26.3768115942029,14,1.3526570048309179,0,0.0,137,13.236714975845409,133,12.85024154589372,31,2.995169082125604,336,32.463768115942024
199,199,101,9.758454106280192,2,0.1932367149758454,280,27.053140096618357,20,1.932367149758454,0,0.0,131,12.657004830917876,132,12.753623188405797,26,2.5120772946859904,343,33.14009661835749
200,200,101,9.758454106280192,3,0.2898550724637681,274,26.473429951690818,21,2.0289855072463765,0,0.0,133,12.85024154589372,133,12.85024154589372,33,3.1884057971014492,337,32.56038647342995
201,201,114,11.014492753623188,4,0.3864734299516908,271,26.183574879227052,20,1.932367149758454,0,0.0,130,12.560386473429952,122,11.787439613526569,49,4.734299516908213,325,31.40096618357488
202,202,113,10.917874396135266,4,0.3864734299516908,274,26.473429951690818,17,1.6425120772946862,0,0.0,132,12.753623188405797,124,11.980676328502415,40,3.864734299516908,331,31.980676328502415
203,203,110,10.628019323671497,4,0.3864734299516908,272,26.28019323671498,19,1.8357487922705313,0,0.0,133,12.85024154589372,118,11.400966183574878,27,2.608695652173913,352,34.009661835748794
204,204,118,11.400966183574878,2,0.1932367149758454,275,26.570048309178745,17,1.6425120772946862,0,0.0,111,10.72463768115942,141,13.623188405797102,46,4.444444444444445,325,31.40096618357488
205,205,120,11.594202898550725,2,0.1932367149758454,277,26.763285024154587,17,1.6425120772946862,0,0.0,116,11.207729468599034,134,12.946859903381641,40,3.864734299516908,329,31.78743961352657
206,206,111,10.72463768115942,2,0.1932367149758454,278,26.859903381642514,18,1.7391304347826086,0,0.0,135,13.043478260869565,120,11.594202898550725,25,2.4154589371980677,346,33.429951690821255
207,207,116,11.207729468599034,4,0.3864734299516908,270,26.08695652173913,18,1.7391304347826086,0,0.0,130,12.560386473429952,125,12.077294685990339,38,3.6714975845410627,334,32.270531400966185
208,208,109,10.531400966183575,2,0.1932367149758454,276,26.666666666666668,14,1.3526570048309179,0,0.0,140,13.526570048309178,126,12.173913043478262,44,4.251207729468599,324,31.30434782608696
209,209,109,10.531400966183575,4,0.3864734299516908,275,26.570048309178745,13,1.2560386473429952,0,0.0,129,12.46376811594203,135,13.043478260869565,43,4.154589371980676,327,31.594202898550726
210,210,112,10.821256038647343,1,0.0966183574879227,279,26.956521739130434,20,1.932367149758454,0,0.0,117,11.304347826086957,145,14.009661835748794,30,2.898550724637681,331,31.980676328502415
211,211,121,11.690821256038648,2,0.1932367149758454,277,26.763285024154587,17,1.6425120772946862,0,0.0,113,10.917874396135266,140,13.526570048309178,36,3.4782608695652173,329,31.78743961352657
212,212,116,11.207729468599034,3,0.2898550724637681,281,27.149758454106284,20,1.932367149758454,0,0.0,111,10.72463768115942,131,12.657004830917876,41,3.961352657004831,332,32.07729468599034
213,213,119,11.497584541062803,2,0.1932367149758454,276,26.666666666666668,13,1.2560386473429952,0,0.0,123,11.884057971014492,134,12.946859903381641,34,3.2850241545893724,334,32.270531400966185
214,214,113,10.917874396135266,3,0.2898550724637681,284,27.43961352657005,22,2.1256038647342996,0,0.0,124,11.980676328502415,125,12.077294685990339,29,2.8019323671497585,335,32.367149758454104
215,215,107,10.33816425120773,2,0.1932367149758454,277,26.763285024154587,22,2.1256038647342996,0,0.0,119,11.497584541062803,136,13.14009661835749,39,3.768115942028986,333,32.17391304347826
216,216,102,9.855072463768117,3,0.2898550724637681,276,26.666666666666668,20,1.932367149758454,0,0.0,128,12.367149758454106,136,13.14009661835749,35,3.3816425120772946,335,32.367149758454104
217,217,99,9.565217391304348,3,0.2898550724637681,277,26.763285024154587,21,2.0289855072463765,0,0.0,123,11.884057971014492,142,13.719806763285025,39,3.768115942028986,331,31.980676328502415
218,218,111,10.72463768115942,2,0.1932367149758454,278,26.859903381642514,17,1.6425120772946862,0,0.0,122,11.787439613526569,136,13.14009661835749,48,4.63768115942029,321,31.01449275362319
219,219,119,11.497584541062803,2,0.1932367149758454,278,26.859903381642514,24,2.318840579710145,0,0.0,111,10.72463768115942,123,11.884057971014492,40,3.864734299516908,338,32.65700483091788
220,220,102,9.855072463768117,2,0.1932367149758454,272,26.28019323671498,25,2.4154589371980677,0,0.0,137,13.236714975845409,116,11.207729468599034,29,2.8019323671497585,352,34.009661835748794
221,221,104,10.048309178743962,1,0.0966183574879227,282,27.246376811594203,19,1.8357487922705313,0,0.0,134,12.946859903381641,136,13.14009661835749,48,4.63768115942029,311,30.04830917874396
222,222,106,10.241545893719808,1,0.0966183574879227,272,26.28019323671498,24,2.318840579710145,0,0.0,127,12.270531400966183,134,12.946859903381641,34,3.2850241545893724,337,32.56038647342995
223,223,111,10.72463768115942,4,0.3864734299516908,272,26.28019323671498,12,1.1594202898550725,0,0.0,141,13.623188405797102,128,12.367149758454106,15,1.4492753623188406,352,34.009661835748794
224,224,111,10.72463768115942,2,0.1932367149758454,281,27.149758454106284,17,1.6425120772946862,5,0.4830917874396135,116,11.207729468599034,140,13.526570048309178,23,2.2222222222222223,340,32.850241545893724
225,225,111,10.72463768115942,4,0.3864734299516908,266,25.70048309178744,15,1.4492753623188406,0,0.0,129,12.46376811594203,128,12.367149758454106,44,4.251207729468599,338,32.65700483091788
226,226,114,11.014492753623188,2,0.1932367149758454,272,26.28019323671498,13,1.2560386473429952,0,0.0,131,12.657004830917876,134,12.946859903381641,30,2.898550724637681,339,32.7536231884058
227,227,113,10.917874396135266,3,0.2898550724637681,276,26.666666666666668,10,0.966183574879227,0,0.0,142,13.719806763285025,121,11.690821256038648,30,2.898550724637681,340,32.850241545893724
228,228,113,10.917874396135266,4,0.3864734299516908,277,26.763285024154587,25,2.4154589371980677,0,0.0,121,11.690821256038648,128,12.367149758454106,32,3.0917874396135265,335,32.367149758454104
229,229,112,10.821256038647343,4,0.3864734299516908,272,26.28019323671498,19,1.8357487922705313,0,0.0,128,12.367149758454106,129,12.46376811594203,24,2.318840579710145,347,33.52657004830918
230,230,104,10.048309178743962,4,0.3864734299516908,277,26.763285024154587,20,1.932367149758454,0,0.0,132,12.753623188405797,136,13.14009661835749,31,2.995169082125604,331,31.980676328502415
231,231,105,10.144927536231885,7,0.6763285024154589,263,25.41062801932367,31,2.995169082125604,0,0.0,118,11.400966183574878,135,13.043478260869565,40,3.864734299516908,336,32.463768115942024
232,232,111,10.72463768115942,4,0.3864734299516908,270,26.08695652173913,24,2.318840579710145,0,0.0,129,12.46376811594203,125,12.077294685990339,40,3.864734299516908,332,32.07729468599034
233,233,119,11.497584541062803,5,0.4830917874396135,267,25.79710144927536,13,1.2560386473429952,0,0.0,136,13.14009661835749,128,12.367149758454106,27,2.608695652173913,340,32.850241545893724
234,234,116,11.207729468599034,3,0.2898550724637681,280,27.053140096618357,15,1.4492753623188406,0,0.0,135,13.043478260869565,122,11.787439613526569,27,2.608695652173913,337,32.56038647342995
235,235,107,10.33816425120773,5,0.4830917874396135,269,25.99033816425121,14,1.3526570048309179,0,0.0,130,12.560386473429952,143,13.816425120772946,24,2.318840579710145,343,33.14009661835749
236,236,105,10.144927536231885,4,0.3864734299516908,274,26.473429951690818,17,1.6425120772946862,0,0.0,135,13.043478260869565,135,13.043478260869565,37,3.5748792270531404,328,31.69082125603865
237,237,110,10.628019323671497,2,0.1932367149758454,273,26.3768115942029,31,2.995169082125604,0,0.0,123,11.884057971014492,119,11.497584541062803,44,4.251207729468599,333,32.17391304347826
238,238,105,10.144927536231885,4,0.3864734299516908,269,25.99033816425121,19,1.8357487922705313,0,0.0,119,11.497584541062803,145,14.009661835748794,35,3.3816425120772946,339,32.7536231884058
239,239,119,11.497584541062803,4,0.3864734299516908,272,26.28019323671498,13,1.2560386473429952,0,0.0,126,12.173913043478262,141,13.623188405797102,49,4.734299516908213,311,30.04830917874396
240,240,108,10.434782608695652,5,0.4830917874396135,270,26.08695652173913,23,2.2222222222222223,0,0.0,127,12.270531400966183,134,12.946859903381641,46,4.444444444444445,322,31.11111111111111
241,241,106,10.241545893719808,3,0.2898550724637681,268,25.893719806763283,25,2.4154589371980677,0,0.0,136,13.14009661835749,124,11.980676328502415,37,3.5748792270531404,336,32.463768115942024
242,242,107,10.33816425120773,3,0.2898550724637681,274,26.473429951690818,15,1.4492753623188406,0,0.0,136,13.14009661835749,135,13.043478260869565,28,2.7053140096618358,337,32.56038647342995
243,243,103,9.951690821256038,7,0.6763285024154589,270,26.08695652173913,26,2.5120772946859904,0,0.0,134,12.946859903381641,133,12.85024154589372,33,3.1884057971014492,329,31.78743961352657
244,244,127,12.270531400966183,7,0.6763285024154589,265,25.60386473429952,17,1.6425120772946862,0,0.0,111,10.72463768115942,146,14.106280193236714,37,3.5748792270531404,325,31.40096618357488
245,245,111,10.72463768115942,2,0.1932367149758454,277,26.763285024154587,26,2.5120772946859904,0,0.0,115,11.11111111111111,151,14.589371980676328,40,3.864734299516908,313,30.241545893719806
246,246,108,10.434782608695652,2,0.1932367149758454,272,26.28019323671498,29,2.8019323671497585,0,0.0,132,12.753623188405797,128,12.367149758454106,49,4.734299516908213,315,30.434782608695656
247,247,116,11.207729468599034,5,0.4830917874396135,269,25.99033816425121,15,1.4492753623188406,0,0.0,127,12.270531400966183,135,13.043478260869565,41,3.961352657004831,327,31.594202898550726
248,248,110,10.628019323671497,5,0.4830917874396135,263,25.41062801932367,20,1.932367149758454,0,0.0,123,11.884057971014492,136,13.14009661835749,46,4.444444444444445,332,32.07729468599034
249,249,115,11.11111111111111,5,0.4830917874396135,274,26.473429951690818,24,2.318840579710145,0,0.0,112,10.821256038647343,148,14.299516908212562,25,2.4154589371980677,332,32.07729468599034
250,250,113,10.917874396135266,7,0.6763285024154589,260,25.120772946859905,20,1.932367149758454,0,0.0,116,11.207729468599034,144,13.91304347826087,40,3.864734299516908,335,32.367149758454104
251,251,120,11.594202898550725,9,0.8695652173913043,261,25.217391304347824,17,1.6425120772946862,0,0.0,126,12.173913043478262,135,13.043478260869565,30,2.898550724637681,337,32.56038647342995
252,252,106,10.241545893719808,8,0.7729468599033816,261,25.217391304347824,21,2.0289855072463765,0,0.0,121,11.690821256038648,144,13.91304347826087,37,3.5748792270531404,337,32.56038647342995
253,253,122,11.787439613526569,7,0.6763285024154589,268,25.893719806763283,23,2.2222222222222223,0,0.0,107,10.33816425120773,136,13.14009661835749,31,2.995169082125604,341,32.94685990338164
254,254,119,11.497584541062803,6,0.5797101449275363,267,25.79710144927536,15,1.4492753623188406,0,0.0,131,12.657004830917876,131,12.657004830917876,35,3.3816425120772946,331,31.980676328502415
255,255,125,12.077294685990339,7,0.6763285024154589,272,26.28019323671498,22,2.1256038647342996,0,0.0,112,10.821256038647343,133,12.85024154589372,48,4.63768115942029,316,30.531400966183575
256,256,110,10.628019323671497,6,0.5797101449275363,278,26.859903381642514,22,2.1256038647342996,0,0.0,132,12.753623188405797,125,12.077294685990339,54,5.217391304347826,308,29.75845410628019
257,257,113,10.917874396135266,6,0.5797101449275363,273,26.3768115942029,16,1.5458937198067633,0,0.0,132,12.753623188405797,140,13.526570048309178,36,3.4782608695652173,319,30.821256038647345
258,258,114,11.014492753623188,6,0.5797101449275363,267,25.79710144927536,24,2.318840579710145,0,0.0,124,11.980676328502415,132,12.753623188405797,31,2.995169082125604,337,32.56038647342995
259,259,110,10.628019323671497,4,0.3864734299516908,272,26.28019323671498,19,1.8357487922705313,5,0.4830917874396135,117,11.304347826086957,142,13.719806763285025,35,3.3816425120772946,331,31.980676328502415
260,260,117,11.304347826086957,4,0.3864734299516908,280,27.053140096618357,15,1.4492753623188406,0,0.0,126,12.173913043478262,134,12.946859903381641,38,3.6714975845410627,321,31.01449275362319
261,261,113,10.917874396135266,3,0.2898550724637681,273,26.3768115942029,21,2.0289855072463765,0,0.0,126,12.173913043478262,137,13.236714975845409,36,3.4782608695652173,326,31.4975845410628
262,262,108,10.434782608695652,4,0.3864734299516908,273,26.3768115942029,19,1.8357487922705313,0,0.0,119,11.497584541062803,149,14.396135265700483,24,2.318840579710145,339,32.7536231884058
263,263,107,10.33816425120773,4,0.3864734299516908,277,26.763285024154587,23,2.2222222222222223,0,0.0,125,12.077294685990339,141,13.623188405797102,23,2.2222222222222223,335,32.367149758454104
264,264,113,10.917874396135266,5,0.4830917874396135,271,26.183574879227052,20,1.932367149758454,0,0.0,120,11.594202898550725,144,13.91304347826087,34,3.2850241545893724,328,31.69082125603865
265,265,97,9.371980676328501,3,0.2898550724637681,280,27.053140096618357,28,2.7053140096618358,0,0.0,129,12.46376811594203,140,13.526570048309178,34,3.2850241545893724,324,31.30434782608696
266,266,106,10.241545893719808,3,0.2898550724637681,278,26.859903381642514,19,1.8357487922705313,0,0.0,118,11.400966183574878,154,14.879227053140095,31,2.995169082125604,326,31.4975845410628
267,267,100,9.66183574879227,6,0.5797101449275363,271,26.183574879227052,34,3.2850241545893724,0,0.0,116,11.207729468599034,146,14.106280193236714,34,3.2850241545893724,328,31.69082125603865
268,268,112,10.821256038647343,3,0.2898550724637681,281,27.149758454106284,12,1.1594202898550725,0,0.0,136,13.14009661835749,133,12.85024154589372,30,2.898550724637681,328,31.69082125603865
269,269,103,9.951690821256038,5,0.4830917874396135,272,26.28019323671498,33,3.1884057971014492,0,0.0,121,11.690821256038648,136,13.14009661835749,26,2.5120772946859904,339,32.7536231884058
270,270,104,10.048309178743962,6,0.5797101449275363,275,26.570048309178745,13,1.2560386473429952,0,0.0,144,13.91304347826087,137,13.236714975845409,33,3.1884057971014492,323,31.207729468599034
271,271,108,10.434782608695652,3,0.2898550724637681,280,27.053140096618357,13,1.2560386473429952,0,0.0,136,13.14009661835749,137,13.236714975845409,28,2.7053140096618358,330,31.88405797101449
272,272,101,9.758454106280192,5,0.4830917874396135,271,26.183574879227052,20,1.932367149758454,0,0.0,134,12.946859903381641,140,13.526570048309178,24,2.318840579710145,340,32.850241545893724
273,273,115,11.11111111111111,6,0.5797101449275363,266,25.70048309178744,12,1.1594202898550725,0,0.0,125,12.077294685990339,146,14.106280193236714,37,3.5748792270531404,328,31.69082125603865
274,274,117,11.304347826086957,6,0.5797101449275363,268,25.893719806763283,13,1.2560386473429952,0,0.0,120,11.594202898550725,144,13.91304347826087,34,3.2850241545893724,333,32.17391304347826
275,275,112,10.821256038647343,9,0.8695652173913043,267,25.79710144927536,14,1.3526570048309179,0,0.0,131,12.657004830917876,148,14.299516908212562,30,2.898550724637681,324,31.30434782608696
276,276,98,9.468599033816426,2,0.1932367149758454,280,27.053140096618357,29,2.8019323671497585,0,0.0,126,12.173913043478262,147,14.202898550724639,29,2.8019323671497585,324,31.30434782608696
277,277,110,10.628019323671497,6,0.5797101449275363,271,26.183574879227052,23,2.2222222222222223,0,0.0,118,11.400966183574878,138,13.333333333333334,32,3.0917874396135265,337,32.56038647342995
278,278,109,10.531400966183575,6,0.5797101449275363,276,26.666666666666668,17,1.6425120772946862,0,0.0,115,11.11111111111111,158,15.265700483091788,35,3.3816425120772946,319,30.821256038647345
279,279,98,9.468599033816426,6,0.5797101449275363,269,25.99033816425121,22,2.1256038647342996,0,0.0,139,13.429951690821257,141,13.623188405797102,35,3.3816425120772946,325,31.40096618357488
280,280,93,8.985507246376812,6,0.5797101449275363,277,26.763285024154587,26,2.5120772946859904,0,0.0,132,12.753623188405797,142,13.719806763285025,31,2.995169082125604,328,31.69082125603865
281,281,108,10.434782608695652,4,0.3864734299516908,277,26.763285024154587,19,1.8357487922705313,0,0.0,120,11.594202898550725,144,13.91304347826087,39,3.768115942028986,324,31.30434782608696
282,282,103,9.951690821256038,6,0.5797101449275363,268,25.893719806763283,18,1.7391304347826086,0,0.0,127,12.270531400966183,146,14.106280193236714,32,3.0917874396135265,335,32.367149758454104
283,283,111,10.72463768115942,4,0.3864734299516908,272,26.28019323671498,17,1.6425120772946862,0,0.0,128,12.367149758454106,141,13.623188405797102,35,3.3816425120772946,327,31.594202898550726
284,284,113,10.917874396135266,4,0.3864734299516908,266,25.70048309178744,12,1.1594202898550725,0,0.0,128,12.367149758454106,139,13.429951690821257,30,2.898550724637681,343,33.14009661835749
285,285,104,10.048309178743962,5,0.4830917874396135,268,25.893719806763283,15,1.4492753623188406,0,0.0,140,13.526570048309178,143,13.816425120772946,31,2.995169082125604,329,31.78743961352657
286,286,107,10.33816425120773,3,0.2898550724637681,276,26.666666666666668,18,1.7391304347826086,0,0.0,133,12.85024154589372,145,14.009661835748794,40,3.864734299516908,313,30.241545893719806
287,287,104,10.048309178743962,9,0.8695652173913043,265,25.60386473429952,21,2.0289855072463765,0,0.0,121,11.690821256038648,146,14.106280193236714,36,3.4782608695652173,333,32.17391304347826
288,288,109,10.531400966183575,3,0.2898550724637681,270,26.08695652173913,30,2.898550724637681,0,0.0,111,10.72463768115942,150,14.492753623188406,38,3.6714975845410627,324,31.30434782608696
289,289,108,10.434782608695652,5,0.4830917874396135,271,26.183574879227052,19,1.8357487922705313,0,0.0,124,11.980676328502415,146,14.106280193236714,43,4.154589371980676,319,30.821256038647345
290,290,87,8.405797101449275,6,0.5797101449275363,266,25.70048309178744,25,2.4154589371980677,0,0.0,157,15.169082125603865,126,12.173913043478262,43,4.154589371980676,325,31.40096618357488
291,291,110,10.628019323671497,5,0.4830917874396135,268,25.893719806763283,17,1.6425120772946862,0,0.0,134,12.946859903381641,136,13.14009661835749,38,3.6714975845410627,327,31.594202898550726
292,292,103,9.951690821256038,8,0.7729468599033816,264,25.507246376811594,16,1.5458937198067633,0,0.0,148,14.299516908212562,134,12.946859903381641,37,3.5748792270531404,325,31.40096618357488
293,293,100,9.66183574879227,6,0.5797101449275363,274,26.473429951690818,18,1.7391304347826086,0,0.0,142,13.719806763285025,141,13.623188405797102,33,3.1884057971014492,321,31.01449275362319
294,294,96,9.27536231884058,8,0.7729468599033816,270,26.08695652173913,24,2.318840579710145,5,0.4830917874396135,142,13.719806763285025,134,12.946859903381641,38,3.6714975845410627,318,30.72463768115942
295,295,111,10.72463768115942,4,0.3864734299516908,268,25.893719806763283,13,1.2560386473429952,0,0.0,137,13.236714975845409,150,14.492753623188406,42,4.057971014492753,310,29.951690821256037
296,296,106,10.241545893719808,4,0.3864734299516908,269,25.99033816425121,24,2.318840579710145,0,0.0,120,11.594202898550725,148,14.299516908212562,40,3.864734299516908,324,31.30434782608696
297,297,99,9.565217391304348,6,0.5797101449275363,263,25.41062801932367,24,2.318840579710145,0,0.0,136,13.14009661835749,145,14.009661835748794,47,4.541062801932367,315,30.434782608695656
298,298,101,9.758454106280192,6,0.5797101449275363,272,26.28019323671498,23,2.2222222222222223,0,0.0,131,12.657004830917876,147,14.202898550724639,33,3.1884057971014492,322,31.11111111111111
299,299,102,9.855072463768117,7,0.6763285024154589,265,25.60386473429952,20,1.932367149758454,0,0.0,139,13.429951690821257,139,13.429951690821257,37,3.5748792270531404,326,31.4975845410628
300,300,101,9.758454106280192,6,0.5797101449275363,269,25.99033816425121,32,3.0917874396135265,0,0.0,119,11.497584541062803,153,14.782608695652174,35,3.3816425120772946,320,30.917874396135264
301,301,104,10.048309178743962,1,0.0966183574879227,279,26.956521739130434,26,2.5120772946859904,0,0.0,114,11.014492753623188,145,14.009661835748794,46,4.444444444444445,320,30.917874396135264
302,302,110,10.628019323671497,5,0.4830917874396135,268,25.893719806763283,11,1.0628019323671498,0,0.0,135,13.043478260869565,143,13.816425120772946,49,4.734299516908213,314,30.33816425120773
303,303,103,9.951690821256038,6,0.5797101449275363,279,26.956521739130434,20,1.932367149758454,0,0.0,127,12.270531400966183,149,14.396135265700483,34,3.2850241545893724,317,30.628019323671495
304,304,98,9.468599033816426,8,0.7729468599033816,265,25.60386473429952,19,1.8357487922705313,0,0.0,137,13.236714975845409,147,14.202898550724639,24,2.318840579710145,337,32.56038647342995
305,305,109,10.531400966183575,4,0.3864734299516908,272,26.28019323671498,14,1.3526570048309179,0,0.0,140,13.526570048309178,133,12.85024154589372,33,3.1884057971014492,330,31.88405797101449
306,306,107,10.33816425120773,4,0.3864734299516908,279,26.956521739130434,14,1.3526570048309179,0,0.0,141,13.623188405797102,136,13.14009661835749,25,2.4154589371980677,329,31.78743961352657
307,307,105,10.144927536231885,5,0.4830917874396135,269,25.99033816425121,17,1.6425120772946862,0,0.0,131,12.657004830917876,146,14.106280193236714,33,3.1884057971014492,329,31.78743961352657
308,308,106,10.241545893719808,5,0.4830917874396135,274,26.473429951690818,17,1.6425120772946862,0,0.0,133,12.85024154589372,150,14.492753623188406,50,4.830917874396135,300,28.985507246376812
309,309,105,10.144927536231885,4,0.3864734299516908,271,26.183574879227052,20,1.932367149758454,0,0.0,116,11.207729468599034,157,15.169082125603865,31,2.995169082125604,331,31.980676328502415
310,310,94,9.082125603864734,5,0.4830917874396135,276,26.666666666666668,22,2.1256038647342996,0,0.0,136,13.14009661835749,151,14.589371980676328,36,3.4782608695652173,315,30.434782608695656
311,311,95,9.178743961352657,4,0.3864734299516908,264,25.507246376811594,14,1.3526570048309179,0,0.0,144,13.91304347826087,142,13.719806763285025,37,3.5748792270531404,335,32.367149758454104
312,312,94,9.082125603864734,1,0.0966183574879227,273,26.3768115942029,21,2.0289855072463765,0,0.0,135,13.043478260869565,148,14.299516908212562,45,4.3478260869565215,318,30.72463768115942
313,313,98,9.468599033816426,2,0.1932367149758454,284,27.43961352657005,9,0.8695652173913043,0,0.0,150,14.492753623188406,135,13.043478260869565,39,3.768115942028986,318,30.72463768115942
314,314,97,9.371980676328501,5,0.4830917874396135,279,26.956521739130434,16,1.5458937198067633,0,0.0,132,12.753623188405797,145,14.009661835748794,32,3.0917874396135265,329,31.78743961352657
315,315,119,11.497584541062803,4,0.3864734299516908,275,26.570048309178745,13,1.2560386473429952,0,0.0,125,12.077294685990339,138,13.333333333333334,37,3.5748792270531404,324,31.30434782608696
316,316,94,9.082125603864734,2,0.1932367149758454,277,26.763285024154587,23,2.2222222222222223,0,0.0,135,13.043478260869565,141,13.623188405797102,19,1.8357487922705313,344,33.23671497584541
317,317,100,9.66183574879227,4,0.3864734299516908,274,26.473429951690818,12,1.1594202898550725,0,0.0,129,12.46376811594203,153,14.782608695652174,36,3.4782608695652173,327,31.594202898550726
318,318,92,8.88888888888889,4,0.3864734299516908,276,26.666666666666668,23,2.2222222222222223,0,0.0,130,12.560386473429952,152,14.68599033816425,35,3.3816425120772946,323,31.207729468599034
319,319,103,9.951690821256038,4,0.3864734299516908,275,26.570048309178745,18,1.7391304347826086,0,0.0,115,11.11111111111111,155,14.975845410628018,42,4.057971014492753,323,31.207729468599034
320,320,103,9.951690821256038,2,0.1932367149758454,278,26.859903381642514,20,1.932367149758454,0,0.0,129,12.46376811594203,143,13.816425120772946,22,2.1256038647342996,338,32.65700483091788
321,321,110,10.628019323671497,1,0.0966183574879227,275,26.570048309178745,12,1.1594202898550725,0,0.0,128,12.367149758454106,147,14.202898550724639,33,3.1884057971014492,329,31.78743961352657
322,322,109,10.531400966183575,5,0.4830917874396135,273,26.3768115942029,9,0.8695652173913043,0,0.0,134,12.946859903381641,148,14.299516908212562,28,2.7053140096618358,329,31.78743961352657
323,323,113,10.917874396135266,4,0.3864734299516908,278,26.859903381642514,14,1.3526570048309179,0,0.0,117,11.304347826086957,148,14.299516908212562,39,3.768115942028986,322,31.11111111111111
324,324,101,9.758454106280192,4,0.3864734299516908,268,25.893719806763283,24,2.318840579710145,0,0.0,125,12.077294685990339,146,14.106280193236714,28,2.7053140096618358,339,32.7536231884058
325,325,101,9.758454106280192,3,0.2898550724637681,283,27.342995169082123,17,1.6425120772946862,5,0.4830917874396135,124,11.980676328502415,144,13.91304347826087,34,3.2850241545893724,324,31.30434782608696
326,326,91,8.792270531400966,4,0.3864734299516908,276,26.666666666666668,26,2.5120772946859904,5,0.4830917874396135,125,12.077294685990339,143,13.816425120772946,22,2.1256038647342996,343,33.14009661835749
327,327,92,8.88888888888889,4,0.3864734299516908,269,25.99033816425121,25,2.4154589371980677,5,0.4830917874396135,120,11.594202898550725,151,14.589371980676328,28,2.7053140096618358,341,32.94685990338164
328,328,87,8.405797101449275,5,0.4830917874396135,268,25.893719806763283,31,2.995169082125604,5,0.4830917874396135,122,11.787439613526569,148,14.299516908212562,30,2.898550724637681,339,32.7536231884058
329,329,93,8.985507246376812,7,0.6763285024154589,266,25.70048309178744,25,2.4154589371980677,0,0.0,128,12.367149758454106,152,14.68599033816425,35,3.3816425120772946,329,31.78743961352657
330,330,96,9.27536231884058,4,0.3864734299516908,266,25.70048309178744,22,2.1256038647342996,0,0.0,128,12.367149758454106,148,14.299516908212562,29,2.8019323671497585,342,33.04347826086956
331,331,112,10.821256038647343,4,0.3864734299516908,271,26.183574879227052,14,1.3526570048309179,0,0.0,123,11.884057971014492,149,14.396135265700483,28,2.7053140096618358,334,32.270531400966185
332,332,114,11.014492753623188,5,0.4830917874396135,273,26.3768115942029,12,1.1594202898550725,0,0.0,119,11.497584541062803,143,13.816425120772946,39,3.768115942028986,330,31.88405797101449
333,333,101,9.758454106280192,4,0.3864734299516908,274,26.473429951690818,13,1.2560386473429952,5,0.4830917874396135,125,12.077294685990339,159,15.36231884057971,47,4.541062801932367,307,29.66183574879227
334,334,96,9.27536231884058,4,0.3864734299516908,270,26.08695652173913,20,1.932367149758454,0,0.0,147,14.202898550724639,138,13.333333333333334,43,4.154589371980676,317,30.628019323671495
335,335,96,9.27536231884058,4,0.3864734299516908,275,26.570048309178745,12,1.1594202898550725,0,0.0,146,14.106280193236714,148,14.299516908212562,46,4.444444444444445,308,29.75845410628019
336,336,100,9.66183574879227,2,0.1932367149758454,276,26.666666666666668,21,2.0289855072463765,0,0.0,127,12.270531400966183,159,15.36231884057971,41,3.961352657004831,309,29.855072463768117
337,337,106,10.241545893719808,4,0.3864734299516908,274,26.473429951690818,14,1.3526570048309179,0,0.0,130,12.560386473429952,146,14.106280193236714,32,3.0917874396135265,329,31.78743961352657
338,338,104,10.048309178743962,1,0.0966183574879227,275,26.570048309178745,11,1.0628019323671498,5,0.4830917874396135,122,11.787439613526569,153,14.782608695652174,40,3.864734299516908,324,31.30434782608696
339,339,98,9.468599033816426,2,0.1932367149758454,277,26.763285024154587,15,1.4492753623188406,0,0.0,128,12.367149758454106,158,15.265700483091788,33,3.1884057971014492,324,31.30434782608696
340,340,99,9.565217391304348,2,0.1932367149758454,274,26.473429951690818,12,1.1594202898550725,5,0.4830917874396135,139,13.429951690821257,150,14.492753623188406,33,3.1884057971014492,321,31.01449275362319
341,341,99,9.565217391304348,1,0.0966183574879227,276,26.666666666666668,12,1.1594202898550725,5,0.4830917874396135,130,12.560386473429952,151,14.589371980676328,34,3.2850241545893724,327,31.594202898550726
342,342,103,9.951690821256038,7,0.6763285024154589,272,26.28019323671498,19,1.8357487922705313,5,0.4830917874396135,132,12.753623188405797,145,14.009661835748794,25,2.4154589371980677,327,31.594202898550726
343,343,115,11.11111111111111,3,0.2898550724637681,274,26.473429951690818,20,1.932367149758454,0,0.0,119,11.497584541062803,152,14.68599033816425,28,2.7053140096618358,324,31.30434782608696
344,344,114,11.014492753623188,4,0.3864734299516908,269,25.99033816425121,20,1.932367149758454,0,0.0,113,10.917874396135266,157,15.169082125603865,43,4.154589371980676,315,30.434782608695656
345,345,111,10.72463768115942,2,0.1932367149758454,282,27.246376811594203,20,1.932367149758454,0,0.0,104,10.048309178743962,166,16.03864734299517,38,3.6714975845410627,312,30.144927536231886
346,346,103,9.951690821256038,1,0.0966183574879227,282,27.246376811594203,9,0.8695652173913043,5,0.4830917874396135,130,12.560386473429952,155,14.975845410628018,46,4.444444444444445,304,29.3719806763285
347,347,105,10.144927536231885,2,0.1932367149758454,277,26.763285024154587,26,2.5120772946859904,0,0.0,114,11.014492753623188,157,15.169082125603865,56,5.4106280193236715,298,28.792270531400966
348,348,107,10.33816425120773,5,0.4830917874396135,268,25.893719806763283,21,2.0289855072463765,0,0.0,121,11.690821256038648,156,15.072463768115943,38,3.6714975845410627,319,30.821256038647345
349,349,105,10.144927536231885,3,0.2898550724637681,279,26.956521739130434,21,2.0289855072463765,0,0.0,127,12.270531400966183,153,14.782608695652174,36,3.4782608695652173,311,30.04830917874396
350,350,108,10.434782608695652,2,0.1932367149758454,276,26.666666666666668,15,1.4492753623188406,0,0.0,132,12.753623188405797,152,14.68599033816425,32,3.0917874396135265,318,30.72463768115942
351,351,107,10.33816425120773,6,0.5797101449275363,271,26.183574879227052,17,1.6425120772946862,0,0.0,128,12.367149758454106,153,14.782608695652174,36,3.4782608695652173,317,30.628019323671495
352,352,96,9.27536231884058,4,0.3864734299516908,265,25.60386473429952,18,1.7391304347826086,0,0.0,123,11.884057971014492,168,16.231884057971012,29,2.8019323671497585,332,32.07729468599034
353,353,103,9.951690821256038,3,0.2898550724637681,285,27.536231884057973,20,1.932367149758454,0,0.0,125,12.077294685990339,153,14.782608695652174,37,3.5748792270531404,309,29.855072463768117
354,354,97,9.371980676328501,4,0.3864734299516908,268,25.893719806763283,17,1.6425120772946862,0,0.0,138,13.333333333333334,151,14.589371980676328,58,5.603864734299517,302,29.178743961352655
355,355,119,11.497584541062803,4,0.3864734299516908,270,26.08695652173913,15,1.4492753623188406,5,0.4830917874396135,113,10.917874396135266,151,14.589371980676328,41,3.961352657004831,317,30.628019323671495
356,356,101,9.758454106280192,4,0.3864734299516908,269,25.99033816425121,18,1.7391304347826086,5,0.4830917874396135,125,12.077294685990339,155,14.975845410628018,33,3.1884057971014492,325,31.40096618357488
357,357,92,8.88888888888889,4,0.3864734299516908,275,26.570048309178745,24,2.318840579710145,0,0.0,141,13.623188405797102,145,14.009661835748794,34,3.2850241545893724,320,30.917874396135264
358,358,108,10.434782608695652,2,0.1932367149758454,275,26.570048309178745,16,1.5458937198067633,0,0.0,129,12.46376811594203,149,14.396135265700483,28,2.7053140096618358,328,31.69082125603865
359,359,103,9.951690821256038,9,0.8695652173913043,264,25.507246376811594,18,1.7391304347826086,0,0.0,136,13.14009661835749,138,13.333333333333334,39,3.768115942028986,328,31.69082125603865
360,360,101,9.758454106280192,4,0.3864734299516908,276,26.666666666666668,14,1.3526570048309179,0,0.0,139,13.429951690821257,151,14.589371980676328,27,2.608695652173913,323,31.207729468599034
361,361,91,8.792270531400966,4,0.3864734299516908,279,26.956521739130434,12,1.1594202898550725,0,0.0,151,14.589371980676328,151,14.589371980676328,35,3.3816425120772946,312,30.144927536231886
362,362,96,9.27536231884058,4,0.3864734299516908,276,26.666666666666668,26,2.5120772946859904,0,0.0,131,12.657004830917876,155,14.975845410628018,31,2.995169082125604,316,30.531400966183575
363,363,92,8.88888888888889,3,0.2898550724637681,282,27.246376811594203,20,1.932367149758454,0,0.0,137,13.236714975845409,153,14.782608695652174,42,4.057971014492753,306,29.565217391304348
364,364,105,10.144927536231885,4,0.3864734299516908,280,27.053140096618357,15,1.4492753623188406,0,0.0,132,12.753623188405797,153,14.782608695652174,33,3.1884057971014492,313,30.241545893719806
365,365,106,10.241545893719808,3,0.2898550724637681,276,26.666666666666668,20,1.932367149758454,0,0.0,128,12.367149758454106,148,14.299516908212562,38,3.6714975845410627,316,30.531400966183575
366,366,118,11.400966183574878,6,0.5797101449275363,271,26.183574879227052,12,1.1594202898550725,0,0.0,128,12.367149758454106,136,13.14009661835749,30,2.898550724637681,334,32.270531400966185
367,367,110,10.628019323671497,8,0.7729468599033816,266,25.70048309178744,20,1.932367149758454,0,0.0,127,12.270531400966183,138,13.333333333333334,34,3.2850241545893724,332,32.07729468599034
368,368,107,10.33816425120773,4,0.3864734299516908,274,26.473429951690818,15,1.4492753623188406,0,0.0,131,12.657004830917876,151,14.589371980676328,35,3.3816425120772946,318,30.72463768115942
369,369,99,9.565217391304348,2,0.1932367149758454,271,26.183574879227052,12,1.1594202898550725,5,0.4830917874396135,135,13.043478260869565,154,14.879227053140095,29,2.8019323671497585,328,31.69082125603865
370,370,108,10.434782608695652,2,0.1932367149758454,281,27.149758454106284,20,1.932367149758454,0,0.0,125,12.077294685990339,156,15.072463768115943,32,3.0917874396135265,311,30.04830917874396
371,371,100,9.66183574879227,2,0.1932367149758454,284,27.43961352657005,20,1.932367149758454,0,0.0,132,12.753623188405797,159,15.36231884057971,29,2.8019323671497585,309,29.855072463768117
372,372,109,10.531400966183575,6,0.5797101449275363,274,26.473429951690818,15,1.4492753623188406,0,0.0,126,12.173913043478262,146,14.106280193236714,33,3.1884057971014492,326,31.4975845410628
373,373,105,10.144927536231885,4,0.3864734299516908,278,26.859903381642514,12,1.1594202898550725,0,0.0,136,13.14009661835749,152,14.68599033816425,34,3.2850241545893724,314,30.33816425120773
374,374,101,9.758454106280192,3,0.2898550724637681,280,27.053140096618357,15,1.4492753623188406,5,0.4830917874396135,128,12.367149758454106,151,14.589371980676328,29,2.8019323671497585,323,31.207729468599034
375,375,90,8.695652173913043,4,0.3864734299516908,277,26.763285024154587,12,1.1594202898550725,0,0.0,153,14.782608695652174,144,13.91304347826087,41,3.961352657004831,314,30.33816425120773
376,376,105,10.144927536231885,3,0.2898550724637681,280,27.053140096618357,10,0.966183574879227,0,0.0,136,13.14009661835749,154,14.879227053140095,45,4.3478260869565215,302,29.178743961352655
377,377,97,9.371980676328501,4,0.3864734299516908,279,26.956521739130434,17,1.6425120772946862,0,0.0,127,12.270531400966183,158,15.265700483091788,28,2.7053140096618358,325,31.40096618357488
378,378,99,9.565217391304348,6,0.5797101449275363,272,26.28019323671498,18,1.7391304347826086,0,0.0,132,12.753623188405797,156,15.072463768115943,46,4.444444444444445,306,29.565217391304348
379,379,102,9.855072463768117,4,0.3864734299516908,277,26.763285024154587,19,1.8357487922705313,0,0.0,139,13.429951690821257,150,14.492753623188406,51,4.9275362318840585,293,28.309178743961354
380,380,103,9.951690821256038,6,0.5797101449275363,279,26.956521739130434,14,1.3526570048309179,0,0.0,132,12.753623188405797,158,15.265700483091788,48,4.63768115942029,295,28.502415458937197
381,381,92,8.88888888888889,7,0.6763285024154589,273,26.3768115942029,23,2.2222222222222223,0,0.0,135,13.043478260869565,156,15.072463768115943,32,3.0917874396135265,317,30.628019323671495
382,382,94,9.082125603864734,7,0.6763285024154589,276,26.666666666666668,18,1.7391304347826086,0,0.0,152,14.68599033816425,139,13.429951690821257,50,4.830917874396135,299,28.888888888888886
383,383,87,8.405797101449275,7,0.6763285024154589,276,26.666666666666668,20,1.932367149758454,0,0.0,147,14.202898550724639,152,14.68599033816425,44,4.251207729468599,302,29.178743961352655
384,384,90,8.695652173913043,9,0.8695652173913043,271,26.183574879227052,14,1.3526570048309179,0,0.0,154,14.879227053140095,143,13.816425120772946,41,3.961352657004831,313,30.241545893719806
385,385,91,8.792270531400966,5,0.4830917874396135,267,25.79710144927536,11,1.0628019323671498,0,0.0,140,13.526570048309178,160,15.458937198067632,22,2.1256038647342996,339,32.7536231884058
386,386,93,8.985507246376812,6,0.5797101449275363,278,26.859903381642514,11,1.0628019323671498,0,0.0,148,14.299516908212562,141,13.623188405797102,45,4.3478260869565215,313,30.241545893719806
387,387,94,9.082125603864734,6,0.5797101449275363,273,26.3768115942029,18,1.7391304347826086,0,0.0,139,13.429951690821257,148,14.299516908212562,30,2.898550724637681,327,31.594202898550726
388,388,99,9.565217391304348,6,0.5797101449275363,266,25.70048309178744,16,1.5458937198067633,0,0.0,143,13.816425120772946,144,13.91304347826087,44,4.251207729468599,317,30.628019323671495
389,389,100,9.66183574879227,4,0.3864734299516908,273,26.3768115942029,6,0.5797101449275363,0,0.0,145,14.009661835748794,147,14.202898550724639,38,3.6714975845410627,322,31.11111111111111
390,390,108,10.434782608695652,5,0.4830917874396135,270,26.08695652173913,21,2.0289855072463765,0,0.0,132,12.753623188405797,141,13.623188405797102,30,2.898550724637681,328,31.69082125603865
391,391,92,8.88888888888889,5,0.4830917874396135,273,26.3768115942029,22,2.1256038647342996,0,0.0,135,13.043478260869565,144,13.91304347826087,37,3.5748792270531404,327,31.594202898550726
392,392,104,10.048309178743962,9,0.8695652173913043,263,25.41062801932367,16,1.5458937198067633,0,0.0,130,12.560386473429952,154,14.879227053140095,37,3.5748792270531404,322,31.11111111111111
393,393,94,9.082125603864734,7,0.6763285024154589,267,25.79710144927536,16,1.5458937198067633,0,0.0,147,14.202898550724639,142,13.719806763285025,52,5.024154589371981,310,29.951690821256037
394,394,80,7.729468599033816,5,0.4830917874396135,270,26.08695652173913,33,3.1884057971014492,0,0.0,145,14.009661835748794,141,13.623188405797102,32,3.0917874396135265,329,31.78743961352657
395,395,95,9.178743961352657,6,0.5797101449275363,272,26.28019323671498,15,1.4492753623188406,0,0.0,154,14.879227053140095,137,13.236714975845409,33,3.1884057971014492,323,31.207729468599034
396,396,93,8.985507246376812,8,0.7729468599033816,270,26.08695652173913,14,1.3526570048309179,0,0.0,161,15.555555555555555,135,13.043478260869565,43,4.154589371980676,311,30.04830917874396
397,397,86,8.309178743961352,4,0.3864734299516908,272,26.28019323671498,22,2.1256038647342996,0,0.0,154,14.879227053140095,135,13.043478260869565,32,3.0917874396135265,330,31.88405797101449
398,398,97,9.371980676328501,4,0.3864734299516908,274,26.473429951690818,22,2.1256038647342996,0,0.0,131,12.657004830917876,155,14.975845410628018,24,2.318840579710145,328,31.69082125603865
399,399,104,10.048309178743962,6,0.5797101449275363,268,25.893719806763283,20,1.932367149758454,0,0.0,132,12.753623188405797,147,14.202898550724639,25,2.4154589371980677,333,32.17391304347826
400,400,102,9.855072463768117,3,0.2898550724637681,269,25.99033816425121,18,1.7391304347826086,0,0.0,128,12.367149758454106,154,14.879227053140095,42,4.057971014492753,319,30.821256038647345
401,401,99,9.565217391304348,3,0.2898550724637681,270,26.08695652173913,20,1.932367149758454,0,0.0,141,13.623188405797102,146,14.106280193236714,25,2.4154589371980677,331,31.980676328502415
402,402,101,9.758454106280192,3,0.2898550724637681,273,26.3768115942029,15,1.4492753623188406,0,0.0,149,14.396135265700483,143,13.816425120772946,15,1.4492753623188406,336,32.463768115942024
403,403,101,9.758454106280192,4,0.3864734299516908,268,25.893719806763283,16,1.5458937198067633,0,0.0,146,14.106280193236714,136,13.14009661835749,13,1.2560386473429952,351,33.91304347826087
404,404,99,9.565217391304348,2,0.1932367149758454,268,25.893719806763283,14,1.3526570048309179,0,0.0,138,13.333333333333334,151,14.589371980676328,23,2.2222222222222223,340,32.850241545893724
405,405,98,9.468599033816426,4,0.3864734299516908,273,26.3768115942029,12,1.1594202898550725,0,0.0,157,15.169082125603865,134,12.946859903381641,32,3.0917874396135265,325,31.40096618357488
406,406,107,10.33816425120773,4,0.3864734299516908,265,25.60386473429952,16,1.5458937198067633,0,0.0,142,13.719806763285025,145,14.009661835748794,23,2.2222222222222223,333,32.17391304347826
407,407,96,9.27536231884058,3,0.2898550724637681,275,26.570048309178745,26,2.5120772946859904,0,0.0,134,12.946859903381641,145,14.009661835748794,26,2.5120772946859904,330,31.88405797101449
408,408,110,10.628019323671497,6,0.5797101449275363,263,25.41062801932367,15,1.4492753623188406,0,0.0,128,12.367149758454106,146,14.106280193236714,16,1.5458937198067633,351,33.91304347826087
409,409,109,10.531400966183575,6,0.5797101449275363,267,25.79710144927536,15,1.4492753623188406,0,0.0,132,12.753623188405797,152,14.68599033816425,36,3.4782608695652173,318,30.72463768115942
410,410,104,10.048309178743962,4,0.3864734299516908,272,26.28019323671498,12,1.1594202898550725,0,0.0,145,14.009661835748794,151,14.589371980676328,26,2.5120772946859904,321,31.01449275362319
411,411,107,10.33816425120773,4,0.3864734299516908,277,26.763285024154587,10,0.966183574879227,0,0.0,133,12.85024154589372,150,14.492753623188406,40,3.864734299516908,314,30.33816425120773
412,412,85,8.212560386473431,4,0.3864734299516908,280,27.053140096618357,21,2.0289855072463765,0,0.0,156,15.072463768115943,143,13.816425120772946,32,3.0917874396135265,314,30.33816425120773
413,413,85,8.212560386473431,6,0.5797101449275363,270,26.08695652173913,25,2.4154589371980677,0,0.0,150,14.492753623188406,148,14.299516908212562,43,4.154589371980676,308,29.75845410628019
414,414,103,9.951690821256038,4,0.3864734299516908,272,26.28019323671498,9,0.8695652173913043,0,0.0,139,13.429951690821257,150,14.492753623188406,23,2.2222222222222223,335,32.367149758454104
415,415,96,9.27536231884058,4,0.3864734299516908,274,26.473429951690818,22,2.1256038647342996,0,0.0,141,13.623188405797102,132,12.753623188405797,36,3.4782608695652173,330,31.88405797101449
416,416,92,8.88888888888889,8,0.7729468599033816,272,26.28019323671498,19,1.8357487922705313,0,0.0,148,14.299516908212562,148,14.299516908212562,22,2.1256038647342996,326,31.4975845410628
417,417,86,8.309178743961352,5,0.4830917874396135,275,26.570048309178745,16,1.5458937198067633,0,0.0,150,14.492753623188406,150,14.492753623188406,33,3.1884057971014492,320,30.917874396135264
418,418,85,8.212560386473431,7,0.6763285024154589,275,26.570048309178745,20,1.932367149758454,0,0.0,148,14.299516908212562,141,13.623188405797102,46,4.444444444444445,313,30.241545893719806
419,419,103,9.951690821256038,5,0.4830917874396135,268,25.893719806763283,12,1.1594202898550725,0,0.0,144,13.91304347826087,144,13.91304347826087,33,3.1884057971014492,326,31.4975845410628
420,420,94,9.082125603864734,4,0.3864734299516908,279,26.956521739130434,20,1.932367149758454,0,0.0,142,13.719806763285025,147,14.202898550724639,19,1.8357487922705313,330,31.88405797101449
421,421,96,9.27536231884058,6,0.5797101449275363,269,25.99033816425121,15,1.4492753623188406,0,0.0,144,13.91304347826087,141,13.623188405797102,28,2.7053140096618358,336,32.463768115942024
422,422,91,8.792270531400966,4,0.3864734299516908,274,26.473429951690818,18,1.7391304347826086,5,0.4830917874396135,135,13.043478260869565,144,13.91304347826087,25,2.4154589371980677,339,32.7536231884058
423,423,101,9.758454106280192,6,0.5797101449275363,274,26.473429951690818,18,1.7391304347826086,5,0.4830917874396135,117,11.304347826086957,156,15.072463768115943,23,2.2222222222222223,335,32.367149758454104
424,424,101,9.758454106280192,6,0.5797101449275363,272,26.28019323671498,15,1.4492753623188406,0,0.0,146,14.106280193236714,138,13.333333333333334,29,2.8019323671497585,328,31.69082125603865
425,425,98,9.468599033816426,5,0.4830917874396135,275,26.570048309178745,26,2.5120772946859904,0,0.0,139,13.429951690821257,143,13.816425120772946,25,2.4154589371980677,324,31.30434782608696
426,426,102,9.855072463768117,9,0.8695652173913043,272,26.28019323671498,13,1.2560386473429952,0,0.0,135,13.043478260869565,147,14.202898550724639,21,2.0289855072463765,336,32.463768115942024
427,427,98,9.468599033816426,9,0.8695652173913043,275,26.570048309178745,20,1.932367149758454,0,0.0,140,13.526570048309178,134,12.946859903381641,22,2.1256038647342996,337,32.56038647342995
428,428,102,9.855072463768117,8,0.7729468599033816,275,26.570048309178745,17,1.6425120772946862,0,0.0,138,13.333333333333334,140,13.526570048309178,18,1.7391304347826086,337,32.56038647342995
429,429,89,8.599033816425122,10,0.966183574879227,274,26.473429951690818,24,2.318840579710145,0,0.0,144,13.91304347826087,131,12.657004830917876,24,2.318840579710145,339,32.7536231884058
430,430,108,10.434782608695652,6,0.5797101449275363,277,26.763285024154587,23,2.2222222222222223,0,0.0,116,11.207729468599034,153,14.782608695652174,21,2.0289855072463765,331,31.980676328502415
431,431,106,10.241545893719808,7,0.6763285024154589,264,25.507246376811594,16,1.5458937198067633,0,0.0,145,14.009661835748794,136,13.14009661835749,20,1.932367149758454,341,32.94685990338164
432,432,108,10.434782608695652,8,0.7729468599033816,272,26.28019323671498,28,2.7053140096618358,0,0.0,113,10.917874396135266,155,14.975845410628018,27,2.608695652173913,324,31.30434782608696
433,433,114,11.014492753623188,6,0.5797101449275363,277,26.763285024154587,11,1.0628019323671498,0,0.0,131,12.657004830917876,143,13.816425120772946,36,3.4782608695652173,317,30.628019323671495
434,434,107,10.33816425120773,6,0.5797101449275363,275,26.570048309178745,16,1.5458937198067633,0,0.0,126,12.173913043478262,153,14.782608695652174,20,1.932367149758454,332,32.07729468599034
435,435,105,10.144927536231885,6,0.5797101449275363,273,26.3768115942029,25,2.4154589371980677,0,0.0,131,12.657004830917876,144,13.91304347826087,21,2.0289855072463765,330,31.88405797101449
436,436,98,9.468599033816426,6,0.5797101449275363,282,27.246376811594203,16,1.5458937198067633,0,0.0,149,14.396135265700483,137,13.236714975845409,30,2.898550724637681,317,30.628019323671495
437,437,106,10.241545893719808,5,0.4830917874396135,278,26.859903381642514,21,2.0289855072463765,0,0.0,128,12.367149758454106,141,13.623188405797102,26,2.5120772946859904,330,31.88405797101449
438,438,109,10.531400966183575,6,0.5797101449275363,275,26.570048309178745,15,1.4492753623188406,0,0.0,124,11.980676328502415,150,14.492753623188406,22,2.1256038647342996,334,32.270531400966185
439,439,97,9.371980676328501,5,0.4830917874396135,275,26.570048309178745,22,2.1256038647342996,0,0.0,130,12.560386473429952,145,14.009661835748794,27,2.608695652173913,334,32.270531400966185
440,440,105,10.144927536231885,5,0.4830917874396135,275,26.570048309178745,9,0.8695652173913043,0,0.0,139,13.429951690821257,144,13.91304347826087,25,2.4154589371980677,333,32.17391304347826
441,441,91,8.792270531400966,4,0.3864734299516908,274,26.473429951690818,22,2.1256038647342996,0,0.0,138,13.333333333333334,148,14.299516908212562,18,1.7391304347826086,340,32.850241545893724
442,442,108,10.434782608695652,3,0.2898550724637681,275,26.570048309178745,12,1.1594202898550725,0,0.0,153,14.782608695652174,132,12.753623188405797,35,3.3816425120772946,317,30.628019323671495
443,443,102,9.855072463768117,3,0.2898550724637681,273,26.3768115942029,17,1.6425120772946862,0,0.0,139,13.429951690821257,146,14.106280193236714,35,3.3816425120772946,320,30.917874396135264
444,444,100,9.66183574879227,4,0.3864734299516908,269,25.99033816425121,16,1.5458937198067633,0,0.0,149,14.396135265700483,135,13.043478260869565,33,3.1884057971014492,329,31.78743961352657
445,445,97,9.371980676328501,3,0.2898550724637681,276,26.666666666666668,26,2.5120772946859904,0,0.0,130,12.560386473429952,150,14.492753623188406,22,2.1256038647342996,331,31.980676328502415
446,446,99,9.565217391304348,3,0.2898550724637681,276,26.666666666666668,27,2.608695652173913,0,0.0,135,13.043478260869565,148,14.299516908212562,30,2.898550724637681,317,30.628019323671495
447,447,99,9.565217391304348,6,0.5797101449275363,274,26.473429951690818,19,1.8357487922705313,0,0.0,137,13.236714975845409,143,13.816425120772946,33,3.1884057971014492,324,31.30434782608696
448,448,99,9.565217391304348,8,0.7729468599033816,273,26.3768115942029,31,2.995169082125604,0,0.0,124,11.980676328502415,149,14.396135265700483,21,2.0289855072463765,330,31.88405797101449
449,449,83,8.019323671497585,7,0.6763285024154589,278,26.859903381642514,21,2.0289855072463765,0,0.0,142,13.719806763285025,149,14.396135265700483,33,3.1884057971014492,322,31.11111111111111
450,450,90,8.695652173913043,5,0.4830917874396135,274,26.473429951690818,24,2.318840579710145,0,0.0,138,13.333333333333334,147,14.202898550724639,29,2.8019323671497585,328,31.69082125603865
451,451,91,8.792270531400966,7,0.6763285024154589,273,26.3768115942029,36,3.4782608695652173,0,0.0,126,12.173913043478262,146,14.106280193236714,30,2.898550724637681,326,31.4975845410628
452,452,90,8.695652173913043,8,0.7729468599033816,269,25.99033816425121,21,2.0289855072463765,0,0.0,152,14.68599033816425,136,13.14009661835749,26,2.5120772946859904,333,32.17391304347826
453,453,104,10.048309178743962,6,0.5797101449275363,276,26.666666666666668,23,2.2222222222222223,0,0.0,119,11.497584541062803,156,15.072463768115943,28,2.7053140096618358,323,31.207729468599034
454,454,96,9.27536231884058,5,0.4830917874396135,278,26.859903381642514,27,2.608695652173913,0,0.0,129,12.46376811594203,152,14.68599033816425,31,2.995169082125604,317,30.628019323671495
455,455,94,9.082125603864734,10,0.966183574879227,273,26.3768115942029,26,2.5120772946859904,0,0.0,133,12.85024154589372,147,14.202898550724639,42,4.057971014492753,310,29.951690821256037
456,456,105,10.144927536231885,8,0.7729468599033816,271,26.183574879227052,15,1.4492753623188406,0,0.0,141,13.623188405797102,142,13.719806763285025,41,3.961352657004831,312,30.144927536231886
457,457,98,9.468599033816426,8,0.7729468599033816,268,25.893719806763283,12,1.1594202898550725,0,0.0,140,13.526570048309178,148,14.299516908212562,36,3.4782608695652173,325,31.40096618357488
458,458,91,8.792270531400966,7,0.6763285024154589,275,26.570048309178745,30,2.898550724637681,0,0.0,135,13.043478260869565,148,14.299516908212562,29,2.8019323671497585,320,30.917874396135264
459,459,98,9.468599033816426,7,0.6763285024154589,271,26.183574879227052,32,3.0917874396135265,0,0.0,123,11.884057971014492,146,14.106280193236714,29,2.8019323671497585,329,31.78743961352657
460,460,98,9.468599033816426,5,0.4830917874396135,277,26.763285024154587,33,3.1884057971014492,0,0.0,139,13.429951690821257,134,12.946859903381641,33,3.1884057971014492,316,30.531400966183575
461,461,88,8.502415458937199,9,0.8695652173913043,272,26.28019323671498,32,3.0917874396135265,0,0.0,128,12.367149758454106,152,14.68599033816425,24,2.318840579710145,330,31.88405797101449
462,462,101,9.758454106280192,8,0.7729468599033816,272,26.28019323671498,25,2.4154589371980677,0,0.0,142,13.719806763285025,136,13.14009661835749,24,2.318840579710145,327,31.594202898550726
463,463,95,9.178743961352657,7,0.6763285024154589,275,26.570048309178745,25,2.4154589371980677,0,0.0,137,13.236714975845409,144,13.91304347826087,25,2.4154589371980677,327,31.594202898550726
464,464,94,9.082125603864734,5,0.4830917874396135,275,26.570048309178745,20,1.932367149758454,0,0.0,146,14.106280193236714,141,13.623188405797102,20,1.932367149758454,334,32.270531400966185
465,465,93,8.985507246376812,6,0.5797101449275363,275,26.570048309178745,27,2.608695652173913,0,0.0,147,14.202898550724639,135,13.043478260869565,27,2.608695652173913,325,31.40096618357488
466,466,104,10.048309178743962,10,0.966183574879227,273,26.3768115942029,17,1.6425120772946862,0,0.0,130,12.560386473429952,150,14.492753623188406,27,2.608695652173913,324,31.30434782608696
467,467,110,10.628019323671497,7,0.6763285024154589,268,25.893719806763283,12,1.1594202898550725,0,0.0,134,12.946859903381641,146,14.106280193236714,23,2.2222222222222223,335,32.367149758454104
468,468,88,8.502415458937199,5,0.4830917874396135,270,26.08695652173913,26,2.5120772946859904,0,0.0,149,14.396135265700483,139,13.429951690821257,31,2.995169082125604,327,31.594202898550726
469,469,106,10.241545893719808,7,0.6763285024154589,272,26.28019323671498,17,1.6425120772946862,0,0.0,135,13.043478260869565,145,14.009661835748794,32,3.0917874396135265,321,31.01449275362319
470,470,102,9.855072463768117,7,0.6763285024154589,272,26.28019323671498,27,2.608695652173913,0,0.0,131,12.657004830917876,148,14.299516908212562,30,2.898550724637681,318,30.72463768115942
471,471,86,8.309178743961352,8,0.7729468599033816,264,25.507246376811594,31,2.995169082125604,0,0.0,139,13.429951690821257,146,14.106280193236714,29,2.8019323671497585,332,32.07729468599034
472,472,96,9.27536231884058,5,0.4830917874396135,272,26.28019323671498,27,2.608695652173913,0,0.0,137,13.236714975845409,145,14.009661835748794,19,1.8357487922705313,334,32.270531400966185
473,473,97,9.371980676328501,5,0.4830917874396135,269,25.99033816425121,36,3.4782608695652173,0,0.0,138,13.333333333333334,137,13.236714975845409,29,2.8019323671497585,324,31.30434782608696
474,474,97,9.371980676328501,8,0.7729468599033816,268,25.893719806763283,30,2.898550724637681,0,0.0,139,13.429951690821257,140,13.526570048309178,23,2.2222222222222223,330,31.88405797101449
475,475,94,9.082125603864734,6,0.5797101449275363,267,25.79710144927536,27,2.608695652173913,0,0.0,145,14.009661835748794,138,13.333333333333334,29,2.8019323671497585,329,31.78743961352657
476,476,89,8.599033816425122,5,0.4830917874396135,271,26.183574879227052,23,2.2222222222222223,0,0.0,153,14.782608695652174,141,13.623188405797102,33,3.1884057971014492,320,30.917874396135264
477,477,99,9.565217391304348,10,0.966183574879227,274,26.473429951690818,21,2.0289855072463765,0,0.0,139,13.429951690821257,142,13.719806763285025,24,2.318840579710145,326,31.4975845410628
478,478,96,9.27536231884058,5,0.4830917874396135,271,26.183574879227052,22,2.1256038647342996,0,0.0,150,14.492753623188406,129,12.46376811594203,33,3.1884057971014492,329,31.78743961352657
479,479,93,8.985507246376812,10,0.966183574879227,272,26.28019323671498,32,3.0917874396135265,0,0.0,137,13.236714975845409,141,13.623188405797102,20,1.932367149758454,330,31.88405797101449
480,480,105,10.144927536231885,9,0.8695652173913043,272,26.28019323671498,28,2.7053140096618358,0,0.0,138,13.333333333333334,128,12.367149758454106,28,2.7053140096618358,327,31.594202898550726
481,481,89,8.599033816425122,9,0.8695652173913043,267,25.79710144927536,24,2.318840579710145,0,0.0,158,15.265700483091788,131,12.657004830917876,24,2.318840579710145,333,32.17391304347826
482,482,99,9.565217391304348,7,0.6763285024154589,270,26.08695652173913,31,2.995169082125604,0,0.0,144,13.91304347826087,128,12.367149758454106,40,3.864734299516908,316,30.531400966183575
483,483,94,9.082125603864734,7,0.6763285024154589,271,26.183574879227052,28,2.7053140096618358,0,0.0,139,13.429951690821257,136,13.14009661835749,25,2.4154589371980677,335,32.367149758454104
484,484,102,9.855072463768117,7,0.6763285024154589,274,26.473429951690818,19,1.8357487922705313,0,0.0,141,13.623188405797102,137,13.236714975845409,33,3.1884057971014492,322,31.11111111111111
485,485,97,9.371980676328501,8,0.7729468599033816,274,26.473429951690818,20,1.932367149758454,0,0.0,145,14.009661835748794,129,12.46376811594203,24,2.318840579710145,338,32.65700483091788
486,486,111,10.72463768115942,7,0.6763285024154589,266,25.70048309178744,18,1.7391304347826086,0,0.0,134,12.946859903381641,133,12.85024154589372,24,2.318840579710145,342,33.04347826086956
487,487,96,9.27536231884058,7,0.6763285024154589,275,26.570048309178745,23,2.2222222222222223,0,0.0,141,13.623188405797102,141,13.623188405797102,30,2.898550724637681,322,31.11111111111111
488,488,114,11.014492753623188,10,0.966183574879227,271,26.183574879227052,18,1.7391304347826086,0,0.0,137,13.236714975845409,135,13.043478260869565,32,3.0917874396135265,318,30.72463768115942
489,489,112,10.821256038647343,7,0.6763285024154589,278,26.859903381642514,15,1.4492753623188406,0,0.0,140,13.526570048309178,123,11.884057971014492,27,2.608695652173913,333,32.17391304347826
490,490,106,10.241545893719808,5,0.4830917874396135,268,25.893719806763283,18,1.7391304347826086,0,0.0,136,13.14009661835749,138,13.333333333333334,26,2.5120772946859904,338,32.65700483091788
491,491,105,10.144927536231885,10,0.966183574879227,271,26.183574879227052,21,2.0289855072463765,0,0.0,141,13.623188405797102,130,12.560386473429952,30,2.898550724637681,327,31.594202898550726
492,492,108,10.434782608695652,7,0.6763285024154589,272,26.28019323671498,14,1.3526570048309179,0,0.0,132,12.753623188405797,145,14.009661835748794,35,3.3816425120772946,322,31.11111111111111
493,493,115,11.11111111111111,13,1.2560386473429952,262,25.31400966183575,19,1.8357487922705313,0,0.0,137,13.236714975845409,127,12.270531400966183,22,2.1256038647342996,340,32.850241545893724
494,494,112,10.821256038647343,11,1.0628019323671498,271,26.183574879227052,15,1.4492753623188406,0,0.0,132,12.753623188405797,147,14.202898550724639,23,2.2222222222222223,324,31.30434782608696
495,495,105,10.144927536231885,8,0.7729468599033816,279,26.956521739130434,27,2.608695652173913,0,0.0,134,12.946859903381641,132,12.753623188405797,24,2.318840579710145,326,31.4975845410628
496,496,111,10.72463768115942,10,0.966183574879227,261,25.217391304347824,21,2.0289855072463765,0,0.0,128,12.367149758454106,135,13.043478260869565,39,3.768115942028986,330,31.88405797101449
497,497,103,9.951690821256038,10,0.966183574879227,272,26.28019323671498,16,1.5458937198067633,0,0.0,147,14.202898550724639,137,13.236714975845409,42,4.057971014492753,308,29.75845410628019
498,498,92,8.88888888888889,10,0.966183574879227,270,26.08695652173913,23,2.2222222222222223,0,0.0,149,14.396135265700483,128,12.367149758454106,25,2.4154589371980677,338,32.65700483091788
499,499,93,8.985507246376812,7,0.6763285024154589,274,26.473429951690818,15,1.4492753623188406,0,0.0,145,14.009661835748794,145,14.009661835748794,32,3.0917874396135265,324,31.30434782608696
500,500,95,9.178743961352657,7,0.6763285024154589,275,26.570048309178745,22,2.1256038647342996,5,0.4830917874396135,142,13.719806763285025,135,13.043478260869565,25,2.4154589371980677,329,31.78743961352657
